Model	SemType	LabelType	TrainingTrials	TimeStep	AreaAbs	Pattern3i	CAi_1	CAi_2	CAi_3	CAi_1_2	CAi_1_3	CAi_2_3	CAi_1_2_3	WFctrlCA	noCA
M09	con50	label	2000tt	1	1	P03	#278#468#39#298#609#430	#502#523#426#175#356#582	#554#366#250#517	#	#	#	#41#227#269#514#159#435#235#74	#	#
M09	con50	label	2000tt	2	1	P03	#278#468#39#298#609#430	#502#523#426#175#356#582	#554#366#250#517	#	#	#	#41#227#269#514#159#435#235#74	#	#
M09	con50	label	2000tt	3	1	P03	#278#39#430	#356#175	#554#366	#	#	#	#227#514#159#235	#	#
M09	con50	label	2000tt	4	1	P03	#	#	#	#	#	#	#227#74#269	#	#
M09	con50	label	2000tt	5	1	P03	#468#430	#175	#366#250	#	#	#	#227#74#269	#	#
M09	con50	label	2000tt	6	1	P03	#	#	#366	#	#	#	#227#269	#	#
M09	con50	label	2000tt	7	1	P03	#468	#	#	#	#	#	#74	#	#
M09	con50	label	2000tt	8	1	P03	#468	#	#	#	#	#	#269	#	#
M09	con50	label	2000tt	9	1	P03	#	#	#250	#	#	#	#	#	#
M09	con50	label	2000tt	10	1	P03	#	#	#250	#	#	#	#269	#	#
M09	con50	label	2000tt	11	1	P03	#	#	#	#	#	#	#	#	#
M09	con50	label	2000tt	12	1	P03	#	#	#	#	#	#	#	#	#
M09	con50	label	2000tt	13	1	P03	#	#	#	#	#	#	#	#	#
M09	con50	label	2000tt	14	1	P03	#	#	#	#	#	#	#	#	#
M09	con50	label	2000tt	15	1	P03	#	#	#	#	#	#	#	#	#
M09	con50	label	2000tt	16	1	P03	#	#	#	#	#	#	#	#	#
M09	con50	label	2000tt	17	1	P03	#	#	#	#	#	#	#	#	#
M09	con50	label	2000tt	18	1	P03	#	#	#	#	#	#	#	#	#
M09	con50	label	2000tt	19	1	P03	#	#	#	#	#	#	#	#	#
M09	con50	label	2000tt	20	1	P03	#	#	#	#	#	#	#	#	#
M09	con50	label	2000tt	21	1	P03	#	#	#	#	#	#	#	#	#
M09	con50	label	2000tt	22	1	P03	#	#	#	#	#	#	#	#	#
M09	con50	label	2000tt	23	1	P03	#	#	#	#	#	#	#	#	#
M09	con50	label	2000tt	24	1	P03	#	#	#	#	#	#	#	#	#
M09	con50	label	2000tt	25	1	P03	#	#	#	#	#	#	#	#	#
M09	con50	label	2000tt	26	1	P03	#	#	#	#	#	#	#	#	#
M09	con50	label	2000tt	27	1	P03	#	#	#	#	#	#	#	#	#
M09	con50	label	2000tt	28	1	P03	#	#	#	#	#	#	#	#	#
M09	con50	label	2000tt	29	1	P03	#	#	#	#	#	#	#	#	#
M09	con50	label	2000tt	30	1	P03	#	#	#	#	#	#	#	#	#
M09	con50	label	2000tt	1	2	P03	#	#	#	#	#	#	#	#	#
M09	con50	label	2000tt	2	2	P03	#306#257#11	#426#560#429	#370#542	#	#	#	#170#135#137#262#117#390#105#8#301#20#63#208#235	#	#60#154#282#256#194#82
M09	con50	label	2000tt	3	2	P03	#11#257#306	#426#560#429	#370#542	#	#	#	#170#135#137#262#117#390#105#8#301#20#63#208#235	#	#82
M09	con50	label	2000tt	4	2	P03	#257	#426	#370	#	#	#	#20#170#63#235#208#137#390#301	#	#
M09	con50	label	2000tt	5	2	P03	#	#	#370	#	#	#	#20#235#135#137#262#390#301	#	#
M09	con50	label	2000tt	6	2	P03	#	#	#370	#	#	#	#135#390#301	#	#
M09	con50	label	2000tt	7	2	P03	#	#	#370	#	#	#	#390#301	#	#
M09	con50	label	2000tt	8	2	P03	#	#	#	#	#	#	#137#301#170	#	#
M09	con50	label	2000tt	9	2	P03	#	#	#	#	#	#	#137#301	#	#
M09	con50	label	2000tt	10	2	P03	#	#	#	#	#	#	#	#	#
M09	con50	label	2000tt	11	2	P03	#	#	#	#	#	#	#	#	#
M09	con50	label	2000tt	12	2	P03	#	#	#	#	#	#	#	#	#
M09	con50	label	2000tt	13	2	P03	#	#	#	#	#	#	#	#	#
M09	con50	label	2000tt	14	2	P03	#	#	#	#	#	#	#	#	#
M09	con50	label	2000tt	15	2	P03	#	#	#	#	#	#	#	#	#
M09	con50	label	2000tt	16	2	P03	#	#	#	#	#	#	#	#	#
M09	con50	label	2000tt	17	2	P03	#	#	#	#	#	#	#	#	#
M09	con50	label	2000tt	18	2	P03	#	#	#	#	#	#	#	#	#
M09	con50	label	2000tt	19	2	P03	#	#	#	#	#	#	#	#	#
M09	con50	label	2000tt	20	2	P03	#	#	#	#	#	#	#	#	#
M09	con50	label	2000tt	21	2	P03	#	#	#	#	#	#	#	#	#
M09	con50	label	2000tt	22	2	P03	#	#	#	#	#	#	#	#	#
M09	con50	label	2000tt	23	2	P03	#	#	#	#	#	#	#	#	#
M09	con50	label	2000tt	24	2	P03	#	#	#	#	#	#	#	#	#
M09	con50	label	2000tt	25	2	P03	#	#	#	#	#	#	#	#	#
M09	con50	label	2000tt	26	2	P03	#	#	#	#	#	#	#	#	#
M09	con50	label	2000tt	27	2	P03	#	#	#	#	#	#	#	#	#
M09	con50	label	2000tt	28	2	P03	#	#	#	#	#	#	#	#	#
M09	con50	label	2000tt	29	2	P03	#	#	#	#	#	#	#	#	#
M09	con50	label	2000tt	30	2	P03	#	#	#	#	#	#	#	#	#
M09	con50	label	2000tt	1	3	P03	#	#	#	#	#	#	#	#	#
M09	con50	label	2000tt	2	3	P03	#	#377	#	#	#	#	#205#275#282#419#260#539#192#158#416#24#68	#	#617#230#9#518
M09	con50	label	2000tt	3	3	P03	#	#377	#	#	#	#	#205#282#419#260#539#192#158#416#197#24#196#68	#	#21#214#244#311#491#13#362#322#100#35#53#615#212#15#246#177#136#434#184
M09	con50	label	2000tt	4	3	P03	#	#	#	#	#	#	#205#275#282#419#260#539#192#158#416#152#197#71#24#196#68	#291	#212#161#292#518#548
M09	con50	label	2000tt	5	3	P03	#	#	#	#	#	#	#205#275#282#260#192#416#152#197#71#24#196#68	#	#276#53
M09	con50	label	2000tt	6	3	P03	#	#	#	#	#	#	#205#275#282#260#192#416#152#197#71#24#196#68	#	#53#161
M09	con50	label	2000tt	7	3	P03	#	#	#	#	#	#	#275#282#260#192#416#152#197#71#24#196#68	#	#
M09	con50	label	2000tt	8	3	P03	#	#	#	#	#	#	#416#152#197#71#24#196#192#68	#	#
M09	con50	label	2000tt	9	3	P03	#	#	#	#	#	#	#152#197#71#24#196#192#68	#	#
M09	con50	label	2000tt	10	3	P03	#	#	#	#	#	#	#152#197#71#196#68	#	#
M09	con50	label	2000tt	11	3	P03	#	#	#	#	#	#	#197#196#68	#	#
M09	con50	label	2000tt	12	3	P03	#	#	#	#	#	#	#197	#	#
M09	con50	label	2000tt	13	3	P03	#	#	#	#	#	#	#	#	#
M09	con50	label	2000tt	14	3	P03	#	#	#	#	#	#	#	#	#
M09	con50	label	2000tt	15	3	P03	#	#	#	#	#	#	#	#	#
M09	con50	label	2000tt	16	3	P03	#	#	#	#	#	#	#	#	#
M09	con50	label	2000tt	17	3	P03	#	#	#	#	#	#	#	#	#
M09	con50	label	2000tt	18	3	P03	#	#	#	#	#	#	#	#	#
M09	con50	label	2000tt	19	3	P03	#	#	#	#	#	#	#	#	#
M09	con50	label	2000tt	20	3	P03	#	#	#	#	#	#	#	#	#
M09	con50	label	2000tt	21	3	P03	#	#	#	#	#	#	#	#	#
M09	con50	label	2000tt	22	3	P03	#	#	#	#	#	#	#	#	#
M09	con50	label	2000tt	23	3	P03	#	#	#	#	#	#	#	#	#
M09	con50	label	2000tt	24	3	P03	#	#	#	#	#	#	#	#	#
M09	con50	label	2000tt	25	3	P03	#	#	#	#	#	#	#	#	#
M09	con50	label	2000tt	26	3	P03	#	#	#	#	#	#	#	#	#
M09	con50	label	2000tt	27	3	P03	#	#	#	#	#	#	#	#	#
M09	con50	label	2000tt	28	3	P03	#	#	#	#	#	#	#	#	#
M09	con50	label	2000tt	29	3	P03	#	#	#	#	#	#	#	#	#
M09	con50	label	2000tt	30	3	P03	#	#	#	#	#	#	#	#	#
M09	con50	label	2000tt	1	4	P03	#	#	#	#	#	#	#	#	#
M09	con50	label	2000tt	2	4	P03	#	#	#	#	#	#	#253#317#205#362#192#448#246#416#175#173#270#324#463#519	#	#142#220
M09	con50	label	2000tt	3	4	P03	#	#	#	#	#	#	#253#317#205#362#192#246#448#416#173#270#324#463#519	#	#86#319#232#162#348#65#298#497#398#9#340#240#289#34#234#208#108#235
M09	con50	label	2000tt	4	4	P03	#	#	#	#	#	#	#253#317#205#362#192#246#448#416#175#173#270#324#463#519	#	#71#213#135
M09	con50	label	2000tt	5	4	P03	#	#	#	#	#	#	#253#317#205#362#192#246#448#416#175#173#270#324#519	#	#
M09	con50	label	2000tt	6	4	P03	#	#	#	#	#	#	#253#317#362#192#246#416#175#173#270#324#519	#	#
M09	con50	label	2000tt	7	4	P03	#	#	#	#	#	#	#253#317#362#192#246#416#175#173#270#324#519	#	#
M09	con50	label	2000tt	8	4	P03	#	#	#	#	#	#	#253#246#416#175#270#324#192#519	#	#
M09	con50	label	2000tt	9	4	P03	#	#	#	#	#	#	#253#246#175#270	#	#
M09	con50	label	2000tt	10	4	P03	#	#	#	#	#	#	#253#246#175	#	#
M09	con50	label	2000tt	11	4	P03	#	#	#	#	#	#	#175	#	#
M09	con50	label	2000tt	12	4	P03	#	#	#	#	#	#	#175	#	#
M09	con50	label	2000tt	13	4	P03	#	#	#	#	#	#	#175	#	#
M09	con50	label	2000tt	14	4	P03	#	#	#	#	#	#	#	#	#
M09	con50	label	2000tt	15	4	P03	#	#	#	#	#	#	#	#	#
M09	con50	label	2000tt	16	4	P03	#	#	#	#	#	#	#	#	#
M09	con50	label	2000tt	17	4	P03	#	#	#	#	#	#	#	#	#
M09	con50	label	2000tt	18	4	P03	#	#	#	#	#	#	#	#	#
M09	con50	label	2000tt	19	4	P03	#	#	#	#	#	#	#	#	#
M09	con50	label	2000tt	20	4	P03	#	#	#	#	#	#	#	#	#
M09	con50	label	2000tt	21	4	P03	#	#	#	#	#	#	#	#	#
M09	con50	label	2000tt	22	4	P03	#	#	#	#	#	#	#	#	#
M09	con50	label	2000tt	23	4	P03	#	#	#	#	#	#	#	#	#
M09	con50	label	2000tt	24	4	P03	#	#	#	#	#	#	#	#	#
M09	con50	label	2000tt	25	4	P03	#	#	#	#	#	#	#	#	#
M09	con50	label	2000tt	26	4	P03	#	#	#	#	#	#	#	#	#
M09	con50	label	2000tt	27	4	P03	#	#	#	#	#	#	#	#	#
M09	con50	label	2000tt	28	4	P03	#	#	#	#	#	#	#	#	#
M09	con50	label	2000tt	29	4	P03	#	#	#	#	#	#	#	#	#
M09	con50	label	2000tt	30	4	P03	#	#	#	#	#	#	#	#	#
M09	con50	label	2000tt	1	5	P03	#	#	#	#	#	#	#	#	#
M09	con50	label	2000tt	2	5	P03	#183#393	#309#54	#	#	#133	#	#290#269#446#65#412#544#353#241#447#295#365#195#109#188	#	#362#367#289
M09	con50	label	2000tt	3	5	P03	#183#393	#309#54	#	#	#133	#	#290#269#446#65#412#544#353#241#612#447#295#365#195#109#188	#	#347#33#323#367
M09	con50	label	2000tt	4	5	P03	#	#	#	#	#	#	#290#269#446#412#544#353#241#612#295#447#195#188	#	#323
M09	con50	label	2000tt	5	5	P03	#	#	#	#	#	#	#353#290#612#295#269#446#65#412#544	#	#323
M09	con50	label	2000tt	6	5	P03	#	#	#	#	#	#	#612#295#269#195#446	#	#323
M09	con50	label	2000tt	7	5	P03	#	#	#	#	#	#	#195#295	#	#
M09	con50	label	2000tt	8	5	P03	#	#	#	#	#	#	#195	#	#
M09	con50	label	2000tt	9	5	P03	#	#	#	#	#	#	#	#	#
M09	con50	label	2000tt	10	5	P03	#	#	#	#	#	#	#	#	#
M09	con50	label	2000tt	11	5	P03	#	#	#	#	#	#	#	#	#
M09	con50	label	2000tt	12	5	P03	#	#	#	#	#	#	#	#	#
M09	con50	label	2000tt	13	5	P03	#	#	#	#	#	#	#	#	#
M09	con50	label	2000tt	14	5	P03	#	#	#	#	#	#	#	#	#
M09	con50	label	2000tt	15	5	P03	#	#	#	#	#	#	#	#	#
M09	con50	label	2000tt	16	5	P03	#	#	#	#	#	#	#	#	#
M09	con50	label	2000tt	17	5	P03	#	#	#	#	#	#	#	#	#
M09	con50	label	2000tt	18	5	P03	#	#	#	#	#	#	#	#	#
M09	con50	label	2000tt	19	5	P03	#	#	#	#	#	#	#	#	#
M09	con50	label	2000tt	20	5	P03	#	#	#	#	#	#	#	#	#
M09	con50	label	2000tt	21	5	P03	#	#	#	#	#	#	#	#	#
M09	con50	label	2000tt	22	5	P03	#	#	#	#	#	#	#	#	#
M09	con50	label	2000tt	23	5	P03	#	#	#	#	#	#	#	#	#
M09	con50	label	2000tt	24	5	P03	#	#	#	#	#	#	#	#	#
M09	con50	label	2000tt	25	5	P03	#	#	#	#	#	#	#	#	#
M09	con50	label	2000tt	26	5	P03	#	#	#	#	#	#	#	#	#
M09	con50	label	2000tt	27	5	P03	#	#	#	#	#	#	#	#	#
M09	con50	label	2000tt	28	5	P03	#	#	#	#	#	#	#	#	#
M09	con50	label	2000tt	29	5	P03	#	#	#	#	#	#	#	#	#
M09	con50	label	2000tt	30	5	P03	#	#	#	#	#	#	#	#	#
M09	con50	label	2000tt	1	6	P03	#374#483#237#521#116#564	#454#603#613#444#31#331	#416#223#340#139#176#95	#	#	#	#383#422#268#286#8#371	#	#
M09	con50	label	2000tt	2	6	P03	#374#483#237#521#116#564	#454#603#613#444#31#331	#416#223#340#139#176#95	#	#	#	#383#422#268#286#8#371	#	#
M09	con50	label	2000tt	3	6	P03	#374#237#564#483	#603#613#444	#223#416#176	#	#	#	#268#422#371	#	#
M09	con50	label	2000tt	4	6	P03	#	#444	#223#416#176	#	#	#	#268	#	#
M09	con50	label	2000tt	5	6	P03	#	#444	#223#416#176	#	#	#	#268	#	#
M09	con50	label	2000tt	6	6	P03	#374	#444	#223#416#176	#	#	#	#268	#	#
M09	con50	label	2000tt	7	6	P03	#	#444	#	#	#	#	#268	#	#
M09	con50	label	2000tt	8	6	P03	#	#	#	#	#	#	#268	#	#
M09	con50	label	2000tt	9	6	P03	#	#	#	#	#	#	#268	#	#
M09	con50	label	2000tt	10	6	P03	#	#	#	#	#	#	#	#	#
M09	con50	label	2000tt	11	6	P03	#	#	#	#	#	#	#	#	#
M09	con50	label	2000tt	12	6	P03	#	#	#	#	#	#	#	#	#
M09	con50	label	2000tt	13	6	P03	#	#	#	#	#	#	#	#	#
M09	con50	label	2000tt	14	6	P03	#	#	#	#	#	#	#	#	#
M09	con50	label	2000tt	15	6	P03	#	#	#	#	#	#	#	#	#
M09	con50	label	2000tt	16	6	P03	#	#	#	#	#	#	#	#	#
M09	con50	label	2000tt	17	6	P03	#	#	#	#	#	#	#	#	#
M09	con50	label	2000tt	18	6	P03	#	#	#	#	#	#	#	#	#
M09	con50	label	2000tt	19	6	P03	#	#	#	#	#	#	#	#	#
M09	con50	label	2000tt	20	6	P03	#	#	#	#	#	#	#	#	#
M09	con50	label	2000tt	21	6	P03	#	#	#	#	#	#	#	#	#
M09	con50	label	2000tt	22	6	P03	#	#	#	#	#	#	#	#	#
M09	con50	label	2000tt	23	6	P03	#	#	#	#	#	#	#	#	#
M09	con50	label	2000tt	24	6	P03	#	#	#	#	#	#	#	#	#
M09	con50	label	2000tt	25	6	P03	#	#	#	#	#	#	#	#	#
M09	con50	label	2000tt	26	6	P03	#	#	#	#	#	#	#	#	#
M09	con50	label	2000tt	27	6	P03	#	#	#	#	#	#	#	#	#
M09	con50	label	2000tt	28	6	P03	#	#	#	#	#	#	#	#	#
M09	con50	label	2000tt	29	6	P03	#	#	#	#	#	#	#	#	#
M09	con50	label	2000tt	30	6	P03	#	#	#	#	#	#	#	#	#
M09	con50	label	2000tt	1	7	P03	#	#	#	#	#	#	#	#	#
M09	con50	label	2000tt	2	7	P03	#	#	#	#	#	#	#	#	#
M09	con50	label	2000tt	3	7	P03	#	#	#	#	#	#	#	#	#
M09	con50	label	2000tt	4	7	P03	#	#	#	#	#	#	#51#272#348#154#174#48	#218#51#272#348#154#174#260#48	#
M09	con50	label	2000tt	5	7	P03	#	#	#	#	#	#	#51#272#348#154#174#48	#141#51#272#348#154#174#48	#
M09	con50	label	2000tt	6	7	P03	#	#	#	#	#	#	#51#272#348#154#174#48	#141#51#272#348#154#174#48	#
M09	con50	label	2000tt	7	7	P03	#	#	#	#	#	#	#51#272#348#154#174#48	#51#272#348#154#174#48	#
M09	con50	label	2000tt	8	7	P03	#	#	#	#	#	#	#51#272#348#154#174#48	#51#272#348#154#174#48	#
M09	con50	label	2000tt	9	7	P03	#	#	#	#	#	#	#51#348#154#174#48	#141#51#348#154#174#48	#
M09	con50	label	2000tt	10	7	P03	#	#	#	#	#	#	#154#174	#154#174	#
M09	con50	label	2000tt	11	7	P03	#	#	#	#	#	#	#154#174#272	#154#174#272	#
M09	con50	label	2000tt	12	7	P03	#	#	#	#	#	#	#154#174#272	#154#174#272	#
M09	con50	label	2000tt	13	7	P03	#	#	#	#	#	#	#174	#174	#
M09	con50	label	2000tt	14	7	P03	#	#	#	#	#	#	#	#	#
M09	con50	label	2000tt	15	7	P03	#	#	#	#	#	#	#	#	#
M09	con50	label	2000tt	16	7	P03	#	#	#	#	#	#	#	#	#
M09	con50	label	2000tt	17	7	P03	#	#	#	#	#	#	#	#	#
M09	con50	label	2000tt	18	7	P03	#	#	#	#	#	#	#	#	#
M09	con50	label	2000tt	19	7	P03	#	#	#	#	#	#	#	#	#
M09	con50	label	2000tt	20	7	P03	#	#	#	#	#	#	#	#	#
M09	con50	label	2000tt	21	7	P03	#	#	#	#	#	#	#	#	#
M09	con50	label	2000tt	22	7	P03	#	#	#	#	#	#	#	#	#
M09	con50	label	2000tt	23	7	P03	#	#	#	#	#	#	#	#	#
M09	con50	label	2000tt	24	7	P03	#	#	#	#	#	#	#	#	#
M09	con50	label	2000tt	25	7	P03	#	#	#	#	#	#	#	#	#
M09	con50	label	2000tt	26	7	P03	#	#	#	#	#	#	#	#	#
M09	con50	label	2000tt	27	7	P03	#	#	#	#	#	#	#	#	#
M09	con50	label	2000tt	28	7	P03	#	#	#	#	#	#	#	#	#
M09	con50	label	2000tt	29	7	P03	#	#	#	#	#	#	#	#	#
M09	con50	label	2000tt	30	7	P03	#	#	#	#	#	#	#	#	#
M09	con50	label	2000tt	1	8	P03	#	#	#	#	#	#	#	#	#
M09	con50	label	2000tt	2	8	P03	#	#	#	#	#	#	#	#	#
M09	con50	label	2000tt	3	8	P03	#	#	#	#	#	#	#	#	#
M09	con50	label	2000tt	4	8	P03	#	#	#	#	#	#	#151#218#225#285#50#147#95#94#213#371	#	#148#198#79#384#257#248#105#330#245#102#120#209#276#204#623#201#194#382
M09	con50	label	2000tt	5	8	P03	#168	#	#	#	#275	#	#151#218#225#285#50#147#95#94#213#371	#195#175	#593#180#317#321#384#73#229#1#282#42#189#91#233#179#98#349#130#256#183#205#214#198#128#137#43#210#434#209#204#247#228#74#38#28#191#343#292#291#4#307#249#301#15#299#245#241#573#614#71#279#331#222#165#119#166#276#187#226#346#148#253#190#227#345#327#248#326#330#246#102#120#297#258#153#219#184#201#313#254#161
M09	con50	label	2000tt	6	8	P03	#168	#	#	#	#275	#	#151#218#225#285#50#147#95#94#213#371	#	#246
M09	con50	label	2000tt	7	8	P03	#168	#	#	#	#275	#	#151#218#94#225#285#371#50#147#213#95	#	#
M09	con50	label	2000tt	8	8	P03	#168	#	#	#	#275	#	#151#218#95#94#225#50#147#371	#	#
M09	con50	label	2000tt	9	8	P03	#	#	#	#	#275	#	#151#218#94#225#50#147#95	#	#
M09	con50	label	2000tt	10	8	P03	#	#	#	#	#	#	#151#218#94#225#50#147#95	#	#
M09	con50	label	2000tt	11	8	P03	#	#	#	#	#	#	#151#218#94#225#50#147	#	#
M09	con50	label	2000tt	12	8	P03	#	#	#	#	#	#	#151#147#218#225#50	#	#
M09	con50	label	2000tt	13	8	P03	#	#	#	#	#	#	#151	#	#
M09	con50	label	2000tt	14	8	P03	#	#	#	#	#	#	#	#	#
M09	con50	label	2000tt	15	8	P03	#	#	#	#	#	#	#	#	#
M09	con50	label	2000tt	16	8	P03	#	#	#	#	#	#	#	#	#
M09	con50	label	2000tt	17	8	P03	#	#	#	#	#	#	#	#	#
M09	con50	label	2000tt	18	8	P03	#	#	#	#	#	#	#	#	#
M09	con50	label	2000tt	19	8	P03	#	#	#	#	#	#	#	#	#
M09	con50	label	2000tt	20	8	P03	#	#	#	#	#	#	#	#	#
M09	con50	label	2000tt	21	8	P03	#	#	#	#	#	#	#	#	#
M09	con50	label	2000tt	22	8	P03	#	#	#	#	#	#	#	#	#
M09	con50	label	2000tt	23	8	P03	#	#	#	#	#	#	#	#	#
M09	con50	label	2000tt	24	8	P03	#	#	#	#	#	#	#	#	#
M09	con50	label	2000tt	25	8	P03	#	#	#	#	#	#	#	#	#
M09	con50	label	2000tt	26	8	P03	#	#	#	#	#	#	#	#	#
M09	con50	label	2000tt	27	8	P03	#	#	#	#	#	#	#	#	#
M09	con50	label	2000tt	28	8	P03	#	#	#	#	#	#	#	#	#
M09	con50	label	2000tt	29	8	P03	#	#	#	#	#	#	#	#	#
M09	con50	label	2000tt	30	8	P03	#	#	#	#	#	#	#	#	#
M09	con50	label	2000tt	1	9	P03	#	#	#	#	#	#	#	#	#
M09	con50	label	2000tt	2	9	P03	#	#	#	#	#	#	#	#	#
M09	con50	label	2000tt	3	9	P03	#	#	#	#	#	#234	#221#168#69#75#146#276#216#258#153#297#228	#216	#189#436#451#399#229
M09	con50	label	2000tt	4	9	P03	#	#	#	#	#	#	#221#117#168#75#146#276#216#258#153#297#228#74	#216#123	#56#140#183#205#439#139#227#206#229#92#339#189#419#293#312#113#330#158#242#380#261#94#185#399#387#303#621#337#394
M09	con50	label	2000tt	5	9	P03	#	#	#	#	#	#234	#221#117#168#69#75#146#276#216#258#153#297#228#74	#123#216#344	#56#363#94#46#204#172#203#293
M09	con50	label	2000tt	6	9	P03	#	#	#	#	#	#234	#221#117#168#69#75#146#276#216#258#153#297#228#74	#216#123	#56#177#46#118#159#250#298#226
M09	con50	label	2000tt	7	9	P03	#	#	#	#	#	#234	#221#117#168#69#75#146#276#216#258#153#297#228#74	#216	#
M09	con50	label	2000tt	8	9	P03	#	#	#	#	#	#234	#221#117#168#69#75#146#276#216#258#153#297#228#74	#216	#
M09	con50	label	2000tt	9	9	P03	#	#	#	#	#	#	#221#117#168#69#75#146#276#216#258#153#297#228#74	#216	#
M09	con50	label	2000tt	10	9	P03	#	#	#	#	#	#	#221#117#168#69#75#146#276#216#297#153#228#74	#216	#
M09	con50	label	2000tt	11	9	P03	#	#	#	#	#	#	#221#117#168#75#146#276#216#297#153#228#74	#216	#
M09	con50	label	2000tt	12	9	P03	#	#	#	#	#	#	#75#146#216#221#228#74#168	#216	#
M09	con50	label	2000tt	13	9	P03	#	#	#	#	#	#	#75#146#221#168	#	#
M09	con50	label	2000tt	14	9	P03	#	#	#	#	#	#	#146#168	#	#
M09	con50	label	2000tt	15	9	P03	#	#	#	#	#	#	#	#	#
M09	con50	label	2000tt	16	9	P03	#	#	#	#	#	#	#	#	#
M09	con50	label	2000tt	17	9	P03	#	#	#	#	#	#	#	#	#
M09	con50	label	2000tt	18	9	P03	#	#	#	#	#	#	#	#	#
M09	con50	label	2000tt	19	9	P03	#	#	#	#	#	#	#	#	#
M09	con50	label	2000tt	20	9	P03	#	#	#	#	#	#	#	#	#
M09	con50	label	2000tt	21	9	P03	#	#	#	#	#	#	#	#	#
M09	con50	label	2000tt	22	9	P03	#	#	#	#	#	#	#	#	#
M09	con50	label	2000tt	23	9	P03	#	#	#	#	#	#	#	#	#
M09	con50	label	2000tt	24	9	P03	#	#	#	#	#	#	#	#	#
M09	con50	label	2000tt	25	9	P03	#	#	#	#	#	#	#	#	#
M09	con50	label	2000tt	26	9	P03	#	#	#	#	#	#	#	#	#
M09	con50	label	2000tt	27	9	P03	#	#	#	#	#	#	#	#	#
M09	con50	label	2000tt	28	9	P03	#	#	#	#	#	#	#	#	#
M09	con50	label	2000tt	29	9	P03	#	#	#	#	#	#	#	#	#
M09	con50	label	2000tt	30	9	P03	#	#	#	#	#	#	#	#	#
M09	con50	label	2000tt	1	10	P03	#	#	#	#	#	#	#	#	#
M09	con50	label	2000tt	2	10	P03	#	#	#	#	#	#	#	#	#
M09	con50	label	2000tt	3	10	P03	#	#	#	#	#	#	#97#220#218#127#175#249#262#315	#249#127	#282#283#403
M09	con50	label	2000tt	4	10	P03	#	#	#71	#	#	#	#220#97#218#127#175#173#119#249#262	#146#249#127	#278#391#444#12#27#282#59#430#353#279#331#200#516#287#346#67#89#515#413#47#221#326#197#210#386#208#258#201#524#624#277#252
M09	con50	label	2000tt	5	10	P03	#	#154	#71	#	#	#	#220#218#262#249#315#97#127#175#173#119	#249#127	#26#205#499#327#47#221#252#353#305#197#210#279#201#129#289#23#166#99#208#267#338#287#346#601
M09	con50	label	2000tt	6	10	P03	#	#154	#71	#	#	#	#220#218#262#249#315#97#127#175#173#119	#249#127	#225#208#205#140#250#499#23
M09	con50	label	2000tt	7	10	P03	#	#154	#71	#	#	#	#220#218#262#249#315#97#127#175#173#119	#249#127	#208
M09	con50	label	2000tt	8	10	P03	#	#154	#71	#	#	#	#220#97#218#127#175#173#119#249#262	#249#127	#
M09	con50	label	2000tt	9	10	P03	#	#	#	#	#	#	#220#97#218#127#175#173#119#249#262	#249#127	#
M09	con50	label	2000tt	10	10	P03	#	#	#71	#	#	#	#97#220#218#127#175#173#249#262	#249#127	#
M09	con50	label	2000tt	11	10	P03	#	#	#	#	#	#	#97#220#218#173#249	#249	#
M09	con50	label	2000tt	12	10	P03	#	#	#	#	#	#	#97#220#218#173#249	#249	#
M09	con50	label	2000tt	13	10	P03	#	#	#	#	#	#	#220#97#218#249	#249	#
M09	con50	label	2000tt	14	10	P03	#	#	#	#	#	#	#97	#	#
M09	con50	label	2000tt	15	10	P03	#	#	#	#	#	#	#	#	#
M09	con50	label	2000tt	16	10	P03	#	#	#	#	#	#	#	#	#
M09	con50	label	2000tt	17	10	P03	#	#	#	#	#	#	#	#	#
M09	con50	label	2000tt	18	10	P03	#	#	#	#	#	#	#	#	#
M09	con50	label	2000tt	19	10	P03	#	#	#	#	#	#	#	#	#
M09	con50	label	2000tt	20	10	P03	#	#	#	#	#	#	#	#	#
M09	con50	label	2000tt	21	10	P03	#	#	#	#	#	#	#	#	#
M09	con50	label	2000tt	22	10	P03	#	#	#	#	#	#	#	#	#
M09	con50	label	2000tt	23	10	P03	#	#	#	#	#	#	#	#	#
M09	con50	label	2000tt	24	10	P03	#	#	#	#	#	#	#	#	#
M09	con50	label	2000tt	25	10	P03	#	#	#	#	#	#	#	#	#
M09	con50	label	2000tt	26	10	P03	#	#	#	#	#	#	#	#	#
M09	con50	label	2000tt	27	10	P03	#	#	#	#	#	#	#	#	#
M09	con50	label	2000tt	28	10	P03	#	#	#	#	#	#	#	#	#
M09	con50	label	2000tt	29	10	P03	#	#	#	#	#	#	#	#	#
M09	con50	label	2000tt	30	10	P03	#	#	#	#	#	#	#	#	#
M09	con50	label	2000tt	1	11	P03	#	#	#	#	#	#	#	#	#
M09	con50	label	2000tt	2	11	P03	#	#	#	#	#	#	#	#	#
M09	con50	label	2000tt	3	11	P03	#	#	#	#	#	#	#	#	#
M09	con50	label	2000tt	4	11	P03	#	#	#	#	#	#	#151#126#219#240#270#77#96#221#316	#126#317#77#201	#148#180#311#79#403#192#302#245#202#98#102#388#196#281#144#366#133
M09	con50	label	2000tt	5	11	P03	#	#	#	#	#	#	#151#126#219#240#270#77#96#221#316	#126#317#255#172#77#201	#180#21#294#275#323#224#335#158#370#202#127#182#150#114#125#146#274#346#226#371#141#124#214#139#345#257#223#298#326#145#579#197#399#23#120#178#209#216#109#338#83#133
M09	con50	label	2000tt	6	11	P03	#	#	#	#	#	#	#151#126#219#240#270#77#96#221#316	#126#77	#114#257#202#79
M09	con50	label	2000tt	7	11	P03	#	#	#	#	#	#	#151#126#219#240#270#77#96#221#316	#126#77	#114#202
M09	con50	label	2000tt	8	11	P03	#	#	#	#	#	#	#151#126#240#270#77#96#221#219	#126#77	#202
M09	con50	label	2000tt	9	11	P03	#	#	#	#	#	#	#151#126#270#77#96#221#219	#126#77	#202
M09	con50	label	2000tt	10	11	P03	#	#	#	#	#	#	#151#270#77#221#96#219	#77	#
M09	con50	label	2000tt	11	11	P03	#	#	#	#	#	#	#151#270#96#77	#77	#202
M09	con50	label	2000tt	12	11	P03	#	#	#	#	#	#	#77	#77	#
M09	con50	label	2000tt	13	11	P03	#	#	#	#	#	#	#	#	#
M09	con50	label	2000tt	14	11	P03	#	#	#	#	#	#	#	#	#
M09	con50	label	2000tt	15	11	P03	#	#	#	#	#	#	#	#	#
M09	con50	label	2000tt	16	11	P03	#	#	#	#	#	#	#	#	#
M09	con50	label	2000tt	17	11	P03	#	#	#	#	#	#	#	#	#
M09	con50	label	2000tt	18	11	P03	#	#	#	#	#	#	#	#	#
M09	con50	label	2000tt	19	11	P03	#	#	#	#	#	#	#	#	#
M09	con50	label	2000tt	20	11	P03	#	#	#	#	#	#	#	#	#
M09	con50	label	2000tt	21	11	P03	#	#	#	#	#	#	#	#	#
M09	con50	label	2000tt	22	11	P03	#	#	#	#	#	#	#	#	#
M09	con50	label	2000tt	23	11	P03	#	#	#	#	#	#	#	#	#
M09	con50	label	2000tt	24	11	P03	#	#	#	#	#	#	#	#	#
M09	con50	label	2000tt	25	11	P03	#	#	#	#	#	#	#	#	#
M09	con50	label	2000tt	26	11	P03	#	#	#	#	#	#	#	#	#
M09	con50	label	2000tt	27	11	P03	#	#	#	#	#	#	#	#	#
M09	con50	label	2000tt	28	11	P03	#	#	#	#	#	#	#	#	#
M09	con50	label	2000tt	29	11	P03	#	#	#	#	#	#	#	#	#
M09	con50	label	2000tt	30	11	P03	#	#	#	#	#	#	#	#	#
M09	con50	label	2000tt	1	12	P03	#	#	#	#	#	#	#	#	#
M09	con50	label	2000tt	2	12	P03	#	#	#	#	#	#	#	#	#
M09	con50	label	2000tt	3	12	P03	#	#	#	#	#	#	#	#	#
M09	con50	label	2000tt	4	12	P03	#	#230	#	#	#	#	#98#272#150#1	#98#230#272#150#1#270#132	#
M09	con50	label	2000tt	5	12	P03	#	#230	#	#	#	#	#98#272#150#1	#290#98#230#185#272#150#1	#
M09	con50	label	2000tt	6	12	P03	#	#230	#	#	#	#	#98#272#150#1	#290#98#230#185#272#150#1	#
M09	con50	label	2000tt	7	12	P03	#	#230	#	#	#	#	#98#272#150#1	#290#98#230#272#150#1	#
M09	con50	label	2000tt	8	12	P03	#	#	#	#	#	#	#1#272#150	#1#290#272#150	#
M09	con50	label	2000tt	9	12	P03	#	#230	#	#	#	#	#98#272#150#1	#290#98#230#272#150#1	#
M09	con50	label	2000tt	10	12	P03	#	#	#	#	#	#	#1#272#150	#1#272#150	#
M09	con50	label	2000tt	11	12	P03	#	#	#	#	#	#	#272#150	#272#150	#
M09	con50	label	2000tt	12	12	P03	#	#	#	#	#	#	#150	#150	#
M09	con50	label	2000tt	13	12	P03	#	#	#	#	#	#	#	#	#
M09	con50	label	2000tt	14	12	P03	#	#	#	#	#	#	#	#	#
M09	con50	label	2000tt	15	12	P03	#	#	#	#	#	#	#	#	#
M09	con50	label	2000tt	16	12	P03	#	#	#	#	#	#	#	#	#
M09	con50	label	2000tt	17	12	P03	#	#	#	#	#	#	#	#	#
M09	con50	label	2000tt	18	12	P03	#	#	#	#	#	#	#	#	#
M09	con50	label	2000tt	19	12	P03	#	#	#	#	#	#	#	#	#
M09	con50	label	2000tt	20	12	P03	#	#	#	#	#	#	#	#	#
M09	con50	label	2000tt	21	12	P03	#	#	#	#	#	#	#	#	#
M09	con50	label	2000tt	22	12	P03	#	#	#	#	#	#	#	#	#
M09	con50	label	2000tt	23	12	P03	#	#	#	#	#	#	#	#	#
M09	con50	label	2000tt	24	12	P03	#	#	#	#	#	#	#	#	#
M09	con50	label	2000tt	25	12	P03	#	#	#	#	#	#	#	#	#
M09	con50	label	2000tt	26	12	P03	#	#	#	#	#	#	#	#	#
M09	con50	label	2000tt	27	12	P03	#	#	#	#	#	#	#	#	#
M09	con50	label	2000tt	28	12	P03	#	#	#	#	#	#	#	#	#
M09	con50	label	2000tt	29	12	P03	#	#	#	#	#	#	#	#	#
M09	con50	label	2000tt	30	12	P03	#	#	#	#	#	#	#	#	#
M09	con50	no-label	2000tt	1	1	P03	#278#468#39#298#609#430	#502#523#426#175#356#582	#517#250#554#366#227#269	#	#	#	#41#514#159#435#235#74	#	#
M09	con50	no-label	2000tt	2	1	P03	#278#468#39#298#609#430	#502#523#426#175#356#582	#517#250#554#366#227#269	#	#	#	#41#514#159#435#235#74	#	#
M09	con50	no-label	2000tt	3	1	P03	#278#430	#	#	#	#	#	#514	#	#256#84
M09	con50	no-label	2000tt	4	1	P03	#	#	#	#	#	#	#	#	#85#232#84#142#256#338
M09	con50	no-label	2000tt	5	1	P03	#	#	#	#	#	#	#	#	#
M09	con50	no-label	2000tt	6	1	P03	#	#	#	#	#	#	#	#	#
M09	con50	no-label	2000tt	7	1	P03	#	#	#	#	#	#	#	#	#
M09	con50	no-label	2000tt	8	1	P03	#	#	#	#	#	#	#	#	#
M09	con50	no-label	2000tt	9	1	P03	#	#	#	#	#	#	#	#	#
M09	con50	no-label	2000tt	10	1	P03	#	#	#	#	#	#	#	#	#
M09	con50	no-label	2000tt	11	1	P03	#	#	#	#	#	#	#	#	#
M09	con50	no-label	2000tt	12	1	P03	#	#	#	#	#	#	#	#	#
M09	con50	no-label	2000tt	13	1	P03	#	#	#	#	#	#	#	#	#
M09	con50	no-label	2000tt	14	1	P03	#	#	#	#	#	#	#	#	#
M09	con50	no-label	2000tt	15	1	P03	#	#	#	#	#	#	#	#	#
M09	con50	no-label	2000tt	16	1	P03	#	#	#	#	#	#	#	#	#
M09	con50	no-label	2000tt	17	1	P03	#	#	#	#	#	#	#	#	#
M09	con50	no-label	2000tt	18	1	P03	#	#	#	#	#	#	#	#	#
M09	con50	no-label	2000tt	19	1	P03	#	#	#	#	#	#	#	#	#
M09	con50	no-label	2000tt	20	1	P03	#	#	#	#	#	#	#	#	#
M09	con50	no-label	2000tt	21	1	P03	#	#	#	#	#	#	#	#	#
M09	con50	no-label	2000tt	22	1	P03	#	#	#	#	#	#	#	#	#
M09	con50	no-label	2000tt	23	1	P03	#	#	#	#	#	#	#	#	#
M09	con50	no-label	2000tt	24	1	P03	#	#	#	#	#	#	#	#	#
M09	con50	no-label	2000tt	25	1	P03	#	#	#	#	#	#	#	#	#
M09	con50	no-label	2000tt	26	1	P03	#	#	#	#	#	#	#	#	#
M09	con50	no-label	2000tt	27	1	P03	#	#	#	#	#	#	#	#	#
M09	con50	no-label	2000tt	28	1	P03	#	#	#	#	#	#	#	#	#
M09	con50	no-label	2000tt	29	1	P03	#	#	#	#	#	#	#	#	#
M09	con50	no-label	2000tt	30	1	P03	#	#	#	#	#	#	#	#	#
M09	con50	no-label	2000tt	1	2	P03	#	#	#	#	#	#	#	#	#
M09	con50	no-label	2000tt	2	2	P03	#306#60#190#143#257#82	#426#581#429#135#132#560	#370#542#450#137#256#262#263#194	#235	#	#	#208#11#105	#	#154#117#390
M09	con50	no-label	2000tt	3	2	P03	#306#143#257#60#190#82	#426#135#132#581#560#429	#370#137#542#256#263#194#450	#235	#	#	#208#11#105	#	#513#613#540#464#88
M09	con50	no-label	2000tt	4	2	P03	#257	#	#	#	#	#	#	#	#163#265
M09	con50	no-label	2000tt	5	2	P03	#	#	#	#	#	#	#	#	#
M09	con50	no-label	2000tt	6	2	P03	#	#	#	#	#	#	#	#	#
M09	con50	no-label	2000tt	7	2	P03	#	#	#	#	#	#	#	#	#
M09	con50	no-label	2000tt	8	2	P03	#	#	#	#	#	#	#	#	#
M09	con50	no-label	2000tt	9	2	P03	#	#	#	#	#	#	#	#	#
M09	con50	no-label	2000tt	10	2	P03	#	#	#	#	#	#	#	#	#
M09	con50	no-label	2000tt	11	2	P03	#	#	#	#	#	#	#	#	#
M09	con50	no-label	2000tt	12	2	P03	#	#	#	#	#	#	#	#	#
M09	con50	no-label	2000tt	13	2	P03	#	#	#	#	#	#	#	#	#
M09	con50	no-label	2000tt	14	2	P03	#	#	#	#	#	#	#	#	#
M09	con50	no-label	2000tt	15	2	P03	#	#	#	#	#	#	#	#	#
M09	con50	no-label	2000tt	16	2	P03	#	#	#	#	#	#	#	#	#
M09	con50	no-label	2000tt	17	2	P03	#	#	#	#	#	#	#	#	#
M09	con50	no-label	2000tt	18	2	P03	#	#	#	#	#	#	#	#	#
M09	con50	no-label	2000tt	19	2	P03	#	#	#	#	#	#	#	#	#
M09	con50	no-label	2000tt	20	2	P03	#	#	#	#	#	#	#	#	#
M09	con50	no-label	2000tt	21	2	P03	#	#	#	#	#	#	#	#	#
M09	con50	no-label	2000tt	22	2	P03	#	#	#	#	#	#	#	#	#
M09	con50	no-label	2000tt	23	2	P03	#	#	#	#	#	#	#	#	#
M09	con50	no-label	2000tt	24	2	P03	#	#	#	#	#	#	#	#	#
M09	con50	no-label	2000tt	25	2	P03	#	#	#	#	#	#	#	#	#
M09	con50	no-label	2000tt	26	2	P03	#	#	#	#	#	#	#	#	#
M09	con50	no-label	2000tt	27	2	P03	#	#	#	#	#	#	#	#	#
M09	con50	no-label	2000tt	28	2	P03	#	#	#	#	#	#	#	#	#
M09	con50	no-label	2000tt	29	2	P03	#	#	#	#	#	#	#	#	#
M09	con50	no-label	2000tt	30	2	P03	#	#	#	#	#	#	#	#	#
M09	con50	no-label	2000tt	1	3	P03	#	#	#	#	#	#	#	#	#
M09	con50	no-label	2000tt	2	3	P03	#212#453#282#11#518#161	#230#30	#205#311#364#362	#	#	#	#158#416#234#419#260#539#192#615#68	#	#35
M09	con50	no-label	2000tt	3	3	P03	#212#282#11#453#518#161	#230#30	#362#205#311#364	#	#	#	#158#416#234#419#260#539#192#615#68	#	#317#391#13#291#91#312#113#332#314#157#166#136#267#256#617#494#309#183#116#115#190#132#262#402#9#246#185#434#153#36#304
M09	con50	no-label	2000tt	4	3	P03	#518	#	#	#	#	#	#	#	#341
M09	con50	no-label	2000tt	5	3	P03	#	#	#	#	#	#	#	#	#
M09	con50	no-label	2000tt	6	3	P03	#	#	#	#	#	#	#	#	#
M09	con50	no-label	2000tt	7	3	P03	#	#	#	#	#	#	#	#	#
M09	con50	no-label	2000tt	8	3	P03	#	#	#	#	#	#	#	#	#
M09	con50	no-label	2000tt	9	3	P03	#	#	#	#	#	#	#	#	#
M09	con50	no-label	2000tt	10	3	P03	#	#	#	#	#	#	#	#	#
M09	con50	no-label	2000tt	11	3	P03	#	#	#	#	#	#	#	#	#
M09	con50	no-label	2000tt	12	3	P03	#	#	#	#	#	#	#	#	#
M09	con50	no-label	2000tt	13	3	P03	#	#	#	#	#	#	#	#	#
M09	con50	no-label	2000tt	14	3	P03	#	#	#	#	#	#	#	#	#
M09	con50	no-label	2000tt	15	3	P03	#	#	#	#	#	#	#	#	#
M09	con50	no-label	2000tt	16	3	P03	#	#	#	#	#	#	#	#	#
M09	con50	no-label	2000tt	17	3	P03	#	#	#	#	#	#	#	#	#
M09	con50	no-label	2000tt	18	3	P03	#	#	#	#	#	#	#	#	#
M09	con50	no-label	2000tt	19	3	P03	#	#	#	#	#	#	#	#	#
M09	con50	no-label	2000tt	20	3	P03	#	#	#	#	#	#	#	#	#
M09	con50	no-label	2000tt	21	3	P03	#	#	#	#	#	#	#	#	#
M09	con50	no-label	2000tt	22	3	P03	#	#	#	#	#	#	#	#	#
M09	con50	no-label	2000tt	23	3	P03	#	#	#	#	#	#	#	#	#
M09	con50	no-label	2000tt	24	3	P03	#	#	#	#	#	#	#	#	#
M09	con50	no-label	2000tt	25	3	P03	#	#	#	#	#	#	#	#	#
M09	con50	no-label	2000tt	26	3	P03	#	#	#	#	#	#	#	#	#
M09	con50	no-label	2000tt	27	3	P03	#	#	#	#	#	#	#	#	#
M09	con50	no-label	2000tt	28	3	P03	#	#	#	#	#	#	#	#	#
M09	con50	no-label	2000tt	29	3	P03	#	#	#	#	#	#	#	#	#
M09	con50	no-label	2000tt	30	3	P03	#	#	#	#	#	#	#	#	#
M09	con50	no-label	2000tt	1	4	P03	#	#	#	#	#	#	#	#	#
M09	con50	no-label	2000tt	2	4	P03	#114#142	#246#448#337#161	#290#286	#	#	#	#253#317#205#416#173#356#362#192#463	#	#235#175#442#240
M09	con50	no-label	2000tt	3	4	P03	#114#142	#246#337#448#161	#290#286	#	#	#	#253#317#205#416#173#356#362#192#463	#	#86#98#340#182#240#232#348#209#65#208#260#9#212
M09	con50	no-label	2000tt	4	4	P03	#	#	#	#	#	#	#	#	#213#157
M09	con50	no-label	2000tt	5	4	P03	#	#	#	#	#	#	#	#	#
M09	con50	no-label	2000tt	6	4	P03	#	#	#	#	#	#	#	#	#
M09	con50	no-label	2000tt	7	4	P03	#	#	#	#	#	#	#	#	#
M09	con50	no-label	2000tt	8	4	P03	#	#	#	#	#	#	#	#	#
M09	con50	no-label	2000tt	9	4	P03	#	#	#	#	#	#	#	#	#
M09	con50	no-label	2000tt	10	4	P03	#	#	#	#	#	#	#	#	#
M09	con50	no-label	2000tt	11	4	P03	#	#	#	#	#	#	#	#	#
M09	con50	no-label	2000tt	12	4	P03	#	#	#	#	#	#	#	#	#
M09	con50	no-label	2000tt	13	4	P03	#	#	#	#	#	#	#	#	#
M09	con50	no-label	2000tt	14	4	P03	#	#	#	#	#	#	#	#	#
M09	con50	no-label	2000tt	15	4	P03	#	#	#	#	#	#	#	#	#
M09	con50	no-label	2000tt	16	4	P03	#	#	#	#	#	#	#	#	#
M09	con50	no-label	2000tt	17	4	P03	#	#	#	#	#	#	#	#	#
M09	con50	no-label	2000tt	18	4	P03	#	#	#	#	#	#	#	#	#
M09	con50	no-label	2000tt	19	4	P03	#	#	#	#	#	#	#	#	#
M09	con50	no-label	2000tt	20	4	P03	#	#	#	#	#	#	#	#	#
M09	con50	no-label	2000tt	21	4	P03	#	#	#	#	#	#	#	#	#
M09	con50	no-label	2000tt	22	4	P03	#	#	#	#	#	#	#	#	#
M09	con50	no-label	2000tt	23	4	P03	#	#	#	#	#	#	#	#	#
M09	con50	no-label	2000tt	24	4	P03	#	#	#	#	#	#	#	#	#
M09	con50	no-label	2000tt	25	4	P03	#	#	#	#	#	#	#	#	#
M09	con50	no-label	2000tt	26	4	P03	#	#	#	#	#	#	#	#	#
M09	con50	no-label	2000tt	27	4	P03	#	#	#	#	#	#	#	#	#
M09	con50	no-label	2000tt	28	4	P03	#	#	#	#	#	#	#	#	#
M09	con50	no-label	2000tt	29	4	P03	#	#	#	#	#	#	#	#	#
M09	con50	no-label	2000tt	30	4	P03	#	#	#	#	#	#	#	#	#
M09	con50	no-label	2000tt	1	5	P03	#	#	#	#	#	#	#	#	#
M09	con50	no-label	2000tt	2	5	P03	#183#295#446#412#211	#309#476#612#233#109#54	#323#365#289#269#362#387	#	#	#	#241#195#133#367#188	#	#311#264
M09	con50	no-label	2000tt	3	5	P03	#446#183#412#295#211	#309#476#233#109#612#54	#362#289#323#365#269	#	#	#	#241#195#133#367#188	#	#391#171#333#357#265#468#4#285#236#33#122#544#68
M09	con50	no-label	2000tt	4	5	P03	#	#109	#	#	#	#	#	#	#136#138
M09	con50	no-label	2000tt	5	5	P03	#	#	#	#	#	#	#	#	#
M09	con50	no-label	2000tt	6	5	P03	#	#	#	#	#	#	#	#	#
M09	con50	no-label	2000tt	7	5	P03	#	#	#	#	#	#	#	#	#
M09	con50	no-label	2000tt	8	5	P03	#	#	#	#	#	#	#	#	#
M09	con50	no-label	2000tt	9	5	P03	#	#	#	#	#	#	#	#	#
M09	con50	no-label	2000tt	10	5	P03	#	#	#	#	#	#	#	#	#
M09	con50	no-label	2000tt	11	5	P03	#	#	#	#	#	#	#	#	#
M09	con50	no-label	2000tt	12	5	P03	#	#	#	#	#	#	#	#	#
M09	con50	no-label	2000tt	13	5	P03	#	#	#	#	#	#	#	#	#
M09	con50	no-label	2000tt	14	5	P03	#	#	#	#	#	#	#	#	#
M09	con50	no-label	2000tt	15	5	P03	#	#	#	#	#	#	#	#	#
M09	con50	no-label	2000tt	16	5	P03	#	#	#	#	#	#	#	#	#
M09	con50	no-label	2000tt	17	5	P03	#	#	#	#	#	#	#	#	#
M09	con50	no-label	2000tt	18	5	P03	#	#	#	#	#	#	#	#	#
M09	con50	no-label	2000tt	19	5	P03	#	#	#	#	#	#	#	#	#
M09	con50	no-label	2000tt	20	5	P03	#	#	#	#	#	#	#	#	#
M09	con50	no-label	2000tt	21	5	P03	#	#	#	#	#	#	#	#	#
M09	con50	no-label	2000tt	22	5	P03	#	#	#	#	#	#	#	#	#
M09	con50	no-label	2000tt	23	5	P03	#	#	#	#	#	#	#	#	#
M09	con50	no-label	2000tt	24	5	P03	#	#	#	#	#	#	#	#	#
M09	con50	no-label	2000tt	25	5	P03	#	#	#	#	#	#	#	#	#
M09	con50	no-label	2000tt	26	5	P03	#	#	#	#	#	#	#	#	#
M09	con50	no-label	2000tt	27	5	P03	#	#	#	#	#	#	#	#	#
M09	con50	no-label	2000tt	28	5	P03	#	#	#	#	#	#	#	#	#
M09	con50	no-label	2000tt	29	5	P03	#	#	#	#	#	#	#	#	#
M09	con50	no-label	2000tt	30	5	P03	#	#	#	#	#	#	#	#	#
M09	con50	no-label	2000tt	1	6	P03	#374#483#237#521#116#564	#454#603#613#444#31#331	#416#223#340#139#176#95	#	#	#	#383#422#268#286#8#371	#	#
M09	con50	no-label	2000tt	2	6	P03	#374#483#237#521#116#564	#454#603#613#444#31#331	#416#223#340#139#176#95	#	#	#	#383#422#268#286#8#371	#	#
M09	con50	no-label	2000tt	3	6	P03	#483#564	#613#444#31	#223	#	#	#	#268#422#371	#	#288#219
M09	con50	no-label	2000tt	4	6	P03	#	#	#	#	#	#	#	#	#
M09	con50	no-label	2000tt	5	6	P03	#	#	#	#	#	#	#	#	#
M09	con50	no-label	2000tt	6	6	P03	#	#	#	#	#	#	#	#	#
M09	con50	no-label	2000tt	7	6	P03	#	#	#	#	#	#	#	#	#
M09	con50	no-label	2000tt	8	6	P03	#	#	#	#	#	#	#	#	#
M09	con50	no-label	2000tt	9	6	P03	#	#	#	#	#	#	#	#	#
M09	con50	no-label	2000tt	10	6	P03	#	#	#	#	#	#	#	#	#
M09	con50	no-label	2000tt	11	6	P03	#	#	#	#	#	#	#	#	#
M09	con50	no-label	2000tt	12	6	P03	#	#	#	#	#	#	#	#	#
M09	con50	no-label	2000tt	13	6	P03	#	#	#	#	#	#	#	#	#
M09	con50	no-label	2000tt	14	6	P03	#	#	#	#	#	#	#	#	#
M09	con50	no-label	2000tt	15	6	P03	#	#	#	#	#	#	#	#	#
M09	con50	no-label	2000tt	16	6	P03	#	#	#	#	#	#	#	#	#
M09	con50	no-label	2000tt	17	6	P03	#	#	#	#	#	#	#	#	#
M09	con50	no-label	2000tt	18	6	P03	#	#	#	#	#	#	#	#	#
M09	con50	no-label	2000tt	19	6	P03	#	#	#	#	#	#	#	#	#
M09	con50	no-label	2000tt	20	6	P03	#	#	#	#	#	#	#	#	#
M09	con50	no-label	2000tt	21	6	P03	#	#	#	#	#	#	#	#	#
M09	con50	no-label	2000tt	22	6	P03	#	#	#	#	#	#	#	#	#
M09	con50	no-label	2000tt	23	6	P03	#	#	#	#	#	#	#	#	#
M09	con50	no-label	2000tt	24	6	P03	#	#	#	#	#	#	#	#	#
M09	con50	no-label	2000tt	25	6	P03	#	#	#	#	#	#	#	#	#
M09	con50	no-label	2000tt	26	6	P03	#	#	#	#	#	#	#	#	#
M09	con50	no-label	2000tt	27	6	P03	#	#	#	#	#	#	#	#	#
M09	con50	no-label	2000tt	28	6	P03	#	#	#	#	#	#	#	#	#
M09	con50	no-label	2000tt	29	6	P03	#	#	#	#	#	#	#	#	#
M09	con50	no-label	2000tt	30	6	P03	#	#	#	#	#	#	#	#	#
M09	con50	no-label	2000tt	1	7	P03	#	#	#	#	#	#	#	#	#
M09	con50	no-label	2000tt	2	7	P03	#	#	#	#	#	#	#	#	#
M09	con50	no-label	2000tt	3	7	P03	#	#	#	#	#	#	#	#	#
M09	con50	no-label	2000tt	4	7	P03	#	#	#	#	#	#	#	#	#
M09	con50	no-label	2000tt	5	7	P03	#	#	#	#	#	#	#	#	#
M09	con50	no-label	2000tt	6	7	P03	#	#	#	#	#	#	#	#	#
M09	con50	no-label	2000tt	7	7	P03	#	#	#	#	#	#	#	#	#
M09	con50	no-label	2000tt	8	7	P03	#	#	#	#	#	#	#	#	#
M09	con50	no-label	2000tt	9	7	P03	#	#	#	#	#	#	#	#	#
M09	con50	no-label	2000tt	10	7	P03	#	#	#	#	#	#	#	#	#
M09	con50	no-label	2000tt	11	7	P03	#	#	#	#	#	#	#	#	#
M09	con50	no-label	2000tt	12	7	P03	#	#	#	#	#	#	#	#	#
M09	con50	no-label	2000tt	13	7	P03	#	#	#	#	#	#	#	#	#
M09	con50	no-label	2000tt	14	7	P03	#	#	#	#	#	#	#	#	#
M09	con50	no-label	2000tt	15	7	P03	#	#	#	#	#	#	#	#	#
M09	con50	no-label	2000tt	16	7	P03	#	#	#	#	#	#	#	#	#
M09	con50	no-label	2000tt	17	7	P03	#	#	#	#	#	#	#	#	#
M09	con50	no-label	2000tt	18	7	P03	#	#	#	#	#	#	#	#	#
M09	con50	no-label	2000tt	19	7	P03	#	#	#	#	#	#	#	#	#
M09	con50	no-label	2000tt	20	7	P03	#	#	#	#	#	#	#	#	#
M09	con50	no-label	2000tt	21	7	P03	#	#	#	#	#	#	#	#	#
M09	con50	no-label	2000tt	22	7	P03	#	#	#	#	#	#	#	#	#
M09	con50	no-label	2000tt	23	7	P03	#	#	#	#	#	#	#	#	#
M09	con50	no-label	2000tt	24	7	P03	#	#	#	#	#	#	#	#	#
M09	con50	no-label	2000tt	25	7	P03	#	#	#	#	#	#	#	#	#
M09	con50	no-label	2000tt	26	7	P03	#	#	#	#	#	#	#	#	#
M09	con50	no-label	2000tt	27	7	P03	#	#	#	#	#	#	#	#	#
M09	con50	no-label	2000tt	28	7	P03	#	#	#	#	#	#	#	#	#
M09	con50	no-label	2000tt	29	7	P03	#	#	#	#	#	#	#	#	#
M09	con50	no-label	2000tt	30	7	P03	#	#	#	#	#	#	#	#	#
M09	con50	no-label	2000tt	1	8	P03	#	#	#	#	#	#	#	#	#
M09	con50	no-label	2000tt	2	8	P03	#	#	#	#	#	#	#	#	#
M09	con50	no-label	2000tt	3	8	P03	#	#	#	#	#	#	#	#	#
M09	con50	no-label	2000tt	4	8	P03	#	#	#	#	#	#	#	#	#
M09	con50	no-label	2000tt	5	8	P03	#	#	#	#	#	#	#	#	#
M09	con50	no-label	2000tt	6	8	P03	#	#	#	#	#	#	#	#	#
M09	con50	no-label	2000tt	7	8	P03	#	#	#	#	#	#	#	#	#
M09	con50	no-label	2000tt	8	8	P03	#	#	#	#	#	#	#	#	#
M09	con50	no-label	2000tt	9	8	P03	#	#	#	#	#	#	#	#	#
M09	con50	no-label	2000tt	10	8	P03	#	#	#	#	#	#	#	#	#
M09	con50	no-label	2000tt	11	8	P03	#	#	#	#	#	#	#	#	#
M09	con50	no-label	2000tt	12	8	P03	#	#	#	#	#	#	#	#	#
M09	con50	no-label	2000tt	13	8	P03	#	#	#	#	#	#	#	#	#
M09	con50	no-label	2000tt	14	8	P03	#	#	#	#	#	#	#	#	#
M09	con50	no-label	2000tt	15	8	P03	#	#	#	#	#	#	#	#	#
M09	con50	no-label	2000tt	16	8	P03	#	#	#	#	#	#	#	#	#
M09	con50	no-label	2000tt	17	8	P03	#	#	#	#	#	#	#	#	#
M09	con50	no-label	2000tt	18	8	P03	#	#	#	#	#	#	#	#	#
M09	con50	no-label	2000tt	19	8	P03	#	#	#	#	#	#	#	#	#
M09	con50	no-label	2000tt	20	8	P03	#	#	#	#	#	#	#	#	#
M09	con50	no-label	2000tt	21	8	P03	#	#	#	#	#	#	#	#	#
M09	con50	no-label	2000tt	22	8	P03	#	#	#	#	#	#	#	#	#
M09	con50	no-label	2000tt	23	8	P03	#	#	#	#	#	#	#	#	#
M09	con50	no-label	2000tt	24	8	P03	#	#	#	#	#	#	#	#	#
M09	con50	no-label	2000tt	25	8	P03	#	#	#	#	#	#	#	#	#
M09	con50	no-label	2000tt	26	8	P03	#	#	#	#	#	#	#	#	#
M09	con50	no-label	2000tt	27	8	P03	#	#	#	#	#	#	#	#	#
M09	con50	no-label	2000tt	28	8	P03	#	#	#	#	#	#	#	#	#
M09	con50	no-label	2000tt	29	8	P03	#	#	#	#	#	#	#	#	#
M09	con50	no-label	2000tt	30	8	P03	#	#	#	#	#	#	#	#	#
M09	con50	no-label	2000tt	1	9	P03	#	#	#	#	#	#	#	#	#
M09	con50	no-label	2000tt	2	9	P03	#	#	#	#	#	#	#	#	#
M09	con50	no-label	2000tt	3	9	P03	#	#	#	#	#	#	#209#159#519#315	#	#
M09	con50	no-label	2000tt	4	9	P03	#	#	#	#	#	#	#	#	#
M09	con50	no-label	2000tt	5	9	P03	#	#	#	#	#	#	#	#	#
M09	con50	no-label	2000tt	6	9	P03	#	#	#	#	#	#	#	#	#
M09	con50	no-label	2000tt	7	9	P03	#	#	#	#	#	#	#	#	#
M09	con50	no-label	2000tt	8	9	P03	#	#	#	#	#	#	#	#	#
M09	con50	no-label	2000tt	9	9	P03	#	#	#	#	#	#	#	#	#
M09	con50	no-label	2000tt	10	9	P03	#	#	#	#	#	#	#	#	#
M09	con50	no-label	2000tt	11	9	P03	#	#	#	#	#	#	#	#	#
M09	con50	no-label	2000tt	12	9	P03	#	#	#	#	#	#	#	#	#
M09	con50	no-label	2000tt	13	9	P03	#	#	#	#	#	#	#	#	#
M09	con50	no-label	2000tt	14	9	P03	#	#	#	#	#	#	#	#	#
M09	con50	no-label	2000tt	15	9	P03	#	#	#	#	#	#	#	#	#
M09	con50	no-label	2000tt	16	9	P03	#	#	#	#	#	#	#	#	#
M09	con50	no-label	2000tt	17	9	P03	#	#	#	#	#	#	#	#	#
M09	con50	no-label	2000tt	18	9	P03	#	#	#	#	#	#	#	#	#
M09	con50	no-label	2000tt	19	9	P03	#	#	#	#	#	#	#	#	#
M09	con50	no-label	2000tt	20	9	P03	#	#	#	#	#	#	#	#	#
M09	con50	no-label	2000tt	21	9	P03	#	#	#	#	#	#	#	#	#
M09	con50	no-label	2000tt	22	9	P03	#	#	#	#	#	#	#	#	#
M09	con50	no-label	2000tt	23	9	P03	#	#	#	#	#	#	#	#	#
M09	con50	no-label	2000tt	24	9	P03	#	#	#	#	#	#	#	#	#
M09	con50	no-label	2000tt	25	9	P03	#	#	#	#	#	#	#	#	#
M09	con50	no-label	2000tt	26	9	P03	#	#	#	#	#	#	#	#	#
M09	con50	no-label	2000tt	27	9	P03	#	#	#	#	#	#	#	#	#
M09	con50	no-label	2000tt	28	9	P03	#	#	#	#	#	#	#	#	#
M09	con50	no-label	2000tt	29	9	P03	#	#	#	#	#	#	#	#	#
M09	con50	no-label	2000tt	30	9	P03	#	#	#	#	#	#	#	#	#
M09	con50	no-label	2000tt	1	10	P03	#	#	#	#	#	#	#	#	#
M09	con50	no-label	2000tt	2	10	P03	#	#	#	#	#	#	#	#	#
M09	con50	no-label	2000tt	3	10	P03	#	#417	#	#	#	#	#327#452#155#389#520	#	#
M09	con50	no-label	2000tt	4	10	P03	#	#	#	#	#	#	#452	#	#185
M09	con50	no-label	2000tt	5	10	P03	#	#	#	#	#	#	#520	#	#
M09	con50	no-label	2000tt	6	10	P03	#	#	#	#	#	#	#	#	#
M09	con50	no-label	2000tt	7	10	P03	#	#	#	#	#	#	#	#	#
M09	con50	no-label	2000tt	8	10	P03	#	#	#	#	#	#	#	#	#
M09	con50	no-label	2000tt	9	10	P03	#	#	#	#	#	#	#	#	#
M09	con50	no-label	2000tt	10	10	P03	#	#	#	#	#	#	#	#	#
M09	con50	no-label	2000tt	11	10	P03	#	#	#	#	#	#	#	#	#
M09	con50	no-label	2000tt	12	10	P03	#	#	#	#	#	#	#	#	#
M09	con50	no-label	2000tt	13	10	P03	#	#	#	#	#	#	#	#	#
M09	con50	no-label	2000tt	14	10	P03	#	#	#	#	#	#	#	#	#
M09	con50	no-label	2000tt	15	10	P03	#	#	#	#	#	#	#	#	#
M09	con50	no-label	2000tt	16	10	P03	#	#	#	#	#	#	#	#	#
M09	con50	no-label	2000tt	17	10	P03	#	#	#	#	#	#	#	#	#
M09	con50	no-label	2000tt	18	10	P03	#	#	#	#	#	#	#	#	#
M09	con50	no-label	2000tt	19	10	P03	#	#	#	#	#	#	#	#	#
M09	con50	no-label	2000tt	20	10	P03	#	#	#	#	#	#	#	#	#
M09	con50	no-label	2000tt	21	10	P03	#	#	#	#	#	#	#	#	#
M09	con50	no-label	2000tt	22	10	P03	#	#	#	#	#	#	#	#	#
M09	con50	no-label	2000tt	23	10	P03	#	#	#	#	#	#	#	#	#
M09	con50	no-label	2000tt	24	10	P03	#	#	#	#	#	#	#	#	#
M09	con50	no-label	2000tt	25	10	P03	#	#	#	#	#	#	#	#	#
M09	con50	no-label	2000tt	26	10	P03	#	#	#	#	#	#	#	#	#
M09	con50	no-label	2000tt	27	10	P03	#	#	#	#	#	#	#	#	#
M09	con50	no-label	2000tt	28	10	P03	#	#	#	#	#	#	#	#	#
M09	con50	no-label	2000tt	29	10	P03	#	#	#	#	#	#	#	#	#
M09	con50	no-label	2000tt	30	10	P03	#	#	#	#	#	#	#	#	#
M09	con50	no-label	2000tt	1	11	P03	#	#	#	#	#	#	#	#	#
M09	con50	no-label	2000tt	2	11	P03	#	#	#	#	#	#	#	#	#
M09	con50	no-label	2000tt	3	11	P03	#	#	#	#	#	#	#	#	#
M09	con50	no-label	2000tt	4	11	P03	#	#	#	#	#	#	#	#	#
M09	con50	no-label	2000tt	5	11	P03	#	#	#	#	#	#	#	#	#
M09	con50	no-label	2000tt	6	11	P03	#	#	#	#	#	#	#	#	#
M09	con50	no-label	2000tt	7	11	P03	#	#	#	#	#	#	#	#	#
M09	con50	no-label	2000tt	8	11	P03	#	#	#	#	#	#	#	#	#
M09	con50	no-label	2000tt	9	11	P03	#	#	#	#	#	#	#	#	#
M09	con50	no-label	2000tt	10	11	P03	#	#	#	#	#	#	#	#	#
M09	con50	no-label	2000tt	11	11	P03	#	#	#	#	#	#	#	#	#
M09	con50	no-label	2000tt	12	11	P03	#	#	#	#	#	#	#	#	#
M09	con50	no-label	2000tt	13	11	P03	#	#	#	#	#	#	#	#	#
M09	con50	no-label	2000tt	14	11	P03	#	#	#	#	#	#	#	#	#
M09	con50	no-label	2000tt	15	11	P03	#	#	#	#	#	#	#	#	#
M09	con50	no-label	2000tt	16	11	P03	#	#	#	#	#	#	#	#	#
M09	con50	no-label	2000tt	17	11	P03	#	#	#	#	#	#	#	#	#
M09	con50	no-label	2000tt	18	11	P03	#	#	#	#	#	#	#	#	#
M09	con50	no-label	2000tt	19	11	P03	#	#	#	#	#	#	#	#	#
M09	con50	no-label	2000tt	20	11	P03	#	#	#	#	#	#	#	#	#
M09	con50	no-label	2000tt	21	11	P03	#	#	#	#	#	#	#	#	#
M09	con50	no-label	2000tt	22	11	P03	#	#	#	#	#	#	#	#	#
M09	con50	no-label	2000tt	23	11	P03	#	#	#	#	#	#	#	#	#
M09	con50	no-label	2000tt	24	11	P03	#	#	#	#	#	#	#	#	#
M09	con50	no-label	2000tt	25	11	P03	#	#	#	#	#	#	#	#	#
M09	con50	no-label	2000tt	26	11	P03	#	#	#	#	#	#	#	#	#
M09	con50	no-label	2000tt	27	11	P03	#	#	#	#	#	#	#	#	#
M09	con50	no-label	2000tt	28	11	P03	#	#	#	#	#	#	#	#	#
M09	con50	no-label	2000tt	29	11	P03	#	#	#	#	#	#	#	#	#
M09	con50	no-label	2000tt	30	11	P03	#	#	#	#	#	#	#	#	#
M09	con50	no-label	2000tt	1	12	P03	#	#	#	#	#	#	#	#	#
M09	con50	no-label	2000tt	2	12	P03	#	#	#	#	#	#	#	#	#
M09	con50	no-label	2000tt	3	12	P03	#	#	#	#	#	#	#	#	#
M09	con50	no-label	2000tt	4	12	P03	#	#	#	#	#	#	#	#	#
M09	con50	no-label	2000tt	5	12	P03	#	#	#	#	#	#	#	#	#
M09	con50	no-label	2000tt	6	12	P03	#	#	#	#	#	#	#	#	#
M09	con50	no-label	2000tt	7	12	P03	#	#	#	#	#	#	#	#	#
M09	con50	no-label	2000tt	8	12	P03	#	#	#	#	#	#	#	#	#
M09	con50	no-label	2000tt	9	12	P03	#	#	#	#	#	#	#	#	#
M09	con50	no-label	2000tt	10	12	P03	#	#	#	#	#	#	#	#	#
M09	con50	no-label	2000tt	11	12	P03	#	#	#	#	#	#	#	#	#
M09	con50	no-label	2000tt	12	12	P03	#	#	#	#	#	#	#	#	#
M09	con50	no-label	2000tt	13	12	P03	#	#	#	#	#	#	#	#	#
M09	con50	no-label	2000tt	14	12	P03	#	#	#	#	#	#	#	#	#
M09	con50	no-label	2000tt	15	12	P03	#	#	#	#	#	#	#	#	#
M09	con50	no-label	2000tt	16	12	P03	#	#	#	#	#	#	#	#	#
M09	con50	no-label	2000tt	17	12	P03	#	#	#	#	#	#	#	#	#
M09	con50	no-label	2000tt	18	12	P03	#	#	#	#	#	#	#	#	#
M09	con50	no-label	2000tt	19	12	P03	#	#	#	#	#	#	#	#	#
M09	con50	no-label	2000tt	20	12	P03	#	#	#	#	#	#	#	#	#
M09	con50	no-label	2000tt	21	12	P03	#	#	#	#	#	#	#	#	#
M09	con50	no-label	2000tt	22	12	P03	#	#	#	#	#	#	#	#	#
M09	con50	no-label	2000tt	23	12	P03	#	#	#	#	#	#	#	#	#
M09	con50	no-label	2000tt	24	12	P03	#	#	#	#	#	#	#	#	#
M09	con50	no-label	2000tt	25	12	P03	#	#	#	#	#	#	#	#	#
M09	con50	no-label	2000tt	26	12	P03	#	#	#	#	#	#	#	#	#
M09	con50	no-label	2000tt	27	12	P03	#	#	#	#	#	#	#	#	#
M09	con50	no-label	2000tt	28	12	P03	#	#	#	#	#	#	#	#	#
M09	con50	no-label	2000tt	29	12	P03	#	#	#	#	#	#	#	#	#
M09	con50	no-label	2000tt	30	12	P03	#	#	#	#	#	#	#	#	#
M09	pair33	label	2000tt	1	1	P03	#44#169#306#501	#333#321#406#34	#128#383#164	#212#575#412#585	#63#605#414	#121#375#459#591#30	#185	#	#
M09	pair33	label	2000tt	2	1	P03	#44#169#306#501	#333#321#406#34	#128#383#164	#212#575#412#585	#63#605#414	#121#375#459#591#30	#185	#	#
M09	pair33	label	2000tt	3	1	P03	#501	#333	#128	#412	#63	#121#30	#185	#	#
M09	pair33	label	2000tt	4	1	P03	#501	#	#128	#412	#63	#30	#185	#	#
M09	pair33	label	2000tt	5	1	P03	#	#333	#	#	#	#459#30	#185	#	#
M09	pair33	label	2000tt	6	1	P03	#	#333	#128	#412	#63	#121#30	#	#	#
M09	pair33	label	2000tt	7	1	P03	#	#333	#	#	#	#	#185	#	#
M09	pair33	label	2000tt	8	1	P03	#	#	#	#	#	#121	#	#	#
M09	pair33	label	2000tt	9	1	P03	#	#	#	#	#	#	#	#	#
M09	pair33	label	2000tt	10	1	P03	#	#	#	#	#	#	#	#	#
M09	pair33	label	2000tt	11	1	P03	#	#	#	#	#	#	#	#	#
M09	pair33	label	2000tt	12	1	P03	#	#	#	#	#	#	#	#	#
M09	pair33	label	2000tt	13	1	P03	#	#	#	#	#	#	#	#	#
M09	pair33	label	2000tt	14	1	P03	#	#	#164	#	#	#	#	#	#
M09	pair33	label	2000tt	15	1	P03	#	#	#	#	#	#	#	#	#
M09	pair33	label	2000tt	16	1	P03	#	#	#	#	#	#	#	#	#
M09	pair33	label	2000tt	17	1	P03	#	#	#	#	#	#	#	#	#
M09	pair33	label	2000tt	18	1	P03	#	#	#	#	#	#	#	#	#
M09	pair33	label	2000tt	19	1	P03	#	#	#	#	#	#	#	#	#
M09	pair33	label	2000tt	20	1	P03	#	#	#	#	#	#	#	#	#
M09	pair33	label	2000tt	21	1	P03	#	#	#	#	#	#	#	#	#
M09	pair33	label	2000tt	22	1	P03	#	#	#	#	#	#	#	#	#
M09	pair33	label	2000tt	23	1	P03	#	#	#	#	#	#	#	#	#
M09	pair33	label	2000tt	24	1	P03	#	#	#	#	#	#	#	#	#
M09	pair33	label	2000tt	25	1	P03	#	#	#	#	#	#	#	#	#
M09	pair33	label	2000tt	26	1	P03	#	#	#	#	#	#	#	#	#
M09	pair33	label	2000tt	27	1	P03	#	#	#	#	#	#	#	#	#
M09	pair33	label	2000tt	28	1	P03	#	#	#	#	#	#	#	#	#
M09	pair33	label	2000tt	29	1	P03	#	#	#	#	#	#	#	#	#
M09	pair33	label	2000tt	30	1	P03	#	#	#	#	#	#	#	#	#
M09	pair33	label	2000tt	1	2	P03	#	#	#	#	#	#	#	#	#
M09	pair33	label	2000tt	2	2	P03	#542	#441#179#624	#565#605#601#528	#484#579#564#479	#236#609#55	#145#21#280#153	#87#409#17#165#159#462#262#367	#	#
M09	pair33	label	2000tt	3	2	P03	#542	#179#624#441	#565#601#605#528	#484#579#564#479	#236#609#55	#145#21#280#153	#87#409#17#165#159#462#262#367	#	#50#108#30#402
M09	pair33	label	2000tt	4	2	P03	#	#	#605#528#601	#	#55#236	#145#153#280	#87#409#159#462#262#367	#	#
M09	pair33	label	2000tt	5	2	P03	#	#	#601	#	#55#236	#145#280#153	#87#409#159#462#262#367	#	#
M09	pair33	label	2000tt	6	2	P03	#	#	#601	#	#	#145#153	#87#409#159#462#262#367	#	#
M09	pair33	label	2000tt	7	2	P03	#	#	#	#	#55	#145#280#153	#409#165#159#462#262#367	#	#
M09	pair33	label	2000tt	8	2	P03	#	#	#	#	#	#	#159#462#262#367	#	#
M09	pair33	label	2000tt	9	2	P03	#	#	#	#	#	#	#262	#	#
M09	pair33	label	2000tt	10	2	P03	#	#	#	#	#	#	#262	#	#
M09	pair33	label	2000tt	11	2	P03	#	#	#	#	#	#	#	#	#
M09	pair33	label	2000tt	12	2	P03	#	#	#	#	#	#	#	#	#
M09	pair33	label	2000tt	13	2	P03	#	#	#	#	#	#	#	#	#
M09	pair33	label	2000tt	14	2	P03	#	#	#	#	#	#	#	#	#
M09	pair33	label	2000tt	15	2	P03	#	#	#	#	#	#	#	#	#
M09	pair33	label	2000tt	16	2	P03	#	#	#	#	#	#	#	#	#
M09	pair33	label	2000tt	17	2	P03	#	#	#	#	#	#	#	#	#
M09	pair33	label	2000tt	18	2	P03	#	#	#	#	#	#	#	#	#
M09	pair33	label	2000tt	19	2	P03	#	#	#	#	#	#	#	#	#
M09	pair33	label	2000tt	20	2	P03	#	#	#	#	#	#	#	#	#
M09	pair33	label	2000tt	21	2	P03	#	#	#	#	#	#	#	#	#
M09	pair33	label	2000tt	22	2	P03	#	#	#	#	#	#	#	#	#
M09	pair33	label	2000tt	23	2	P03	#	#	#	#	#	#	#	#	#
M09	pair33	label	2000tt	24	2	P03	#	#	#	#	#	#	#	#	#
M09	pair33	label	2000tt	25	2	P03	#	#	#	#	#	#	#	#	#
M09	pair33	label	2000tt	26	2	P03	#	#	#	#	#	#	#	#	#
M09	pair33	label	2000tt	27	2	P03	#	#	#	#	#	#	#	#	#
M09	pair33	label	2000tt	28	2	P03	#	#	#	#	#	#	#	#	#
M09	pair33	label	2000tt	29	2	P03	#	#	#	#	#	#	#	#	#
M09	pair33	label	2000tt	30	2	P03	#	#	#	#	#	#	#	#	#
M09	pair33	label	2000tt	1	3	P03	#	#	#	#	#	#	#	#	#
M09	pair33	label	2000tt	2	3	P03	#466#605	#500	#484	#59	#79#7	#376#20#590	#290#191#4#91#111#383#238#197#187#338#144#256#49	#20	#
M09	pair33	label	2000tt	3	3	P03	#466#605	#500	#484	#59	#79#7	#376#20#590	#220#290#191#73#4#91#111#383#238#197#276#187#256#338#49	#20	#497#26#569#303
M09	pair33	label	2000tt	4	3	P03	#	#	#	#	#	#376#20	#220#290#191#73#4#91#111#383#238#197#276#187#144#256#338#49	#20	#71
M09	pair33	label	2000tt	5	3	P03	#	#	#	#	#	#376#20	#220#290#191#73#4#91#111#383#238#197#276#187#144#256#338#49	#20	#71#294
M09	pair33	label	2000tt	6	3	P03	#	#	#	#	#	#20	#220#290#191#73#4#91#111#383#238#197#276#187#144#256#338#49	#20	#71
M09	pair33	label	2000tt	7	3	P03	#	#	#	#	#	#20	#220#290#191#73#4#91#111#383#238#197#276#144#256#49	#20	#
M09	pair33	label	2000tt	8	3	P03	#	#	#	#	#	#	#220#290#191#73#91#111#238#197#276#144#256#49	#	#
M09	pair33	label	2000tt	9	3	P03	#	#	#	#	#	#	#220#290#191#73#91#111#197#276#144#49	#	#
M09	pair33	label	2000tt	10	3	P03	#	#	#	#	#	#	#111#220#290#191#73#91#144#49	#	#
M09	pair33	label	2000tt	11	3	P03	#	#	#	#	#	#	#111#220#191#73#91#144	#	#
M09	pair33	label	2000tt	12	3	P03	#	#	#	#	#	#	#91#191#73	#	#
M09	pair33	label	2000tt	13	3	P03	#	#	#	#	#	#	#91#191#73	#	#
M09	pair33	label	2000tt	14	3	P03	#	#	#	#	#	#	#191#73	#	#
M09	pair33	label	2000tt	15	3	P03	#	#	#	#	#	#	#191	#	#
M09	pair33	label	2000tt	16	3	P03	#	#	#	#	#	#	#	#	#
M09	pair33	label	2000tt	17	3	P03	#	#	#	#	#	#	#	#	#
M09	pair33	label	2000tt	18	3	P03	#	#	#	#	#	#	#	#	#
M09	pair33	label	2000tt	19	3	P03	#	#	#	#	#	#	#	#	#
M09	pair33	label	2000tt	20	3	P03	#	#	#	#	#	#	#	#	#
M09	pair33	label	2000tt	21	3	P03	#	#	#	#	#	#	#	#	#
M09	pair33	label	2000tt	22	3	P03	#	#	#	#	#	#	#	#	#
M09	pair33	label	2000tt	23	3	P03	#	#	#	#	#	#	#	#	#
M09	pair33	label	2000tt	24	3	P03	#	#	#	#	#	#	#	#	#
M09	pair33	label	2000tt	25	3	P03	#	#	#	#	#	#	#	#	#
M09	pair33	label	2000tt	26	3	P03	#	#	#	#	#	#	#	#	#
M09	pair33	label	2000tt	27	3	P03	#	#	#	#	#	#	#	#	#
M09	pair33	label	2000tt	28	3	P03	#	#	#	#	#	#	#	#	#
M09	pair33	label	2000tt	29	3	P03	#	#	#	#	#	#	#	#	#
M09	pair33	label	2000tt	30	3	P03	#	#	#	#	#	#	#	#	#
M09	pair33	label	2000tt	1	4	P03	#	#	#	#	#	#	#	#	#
M09	pair33	label	2000tt	2	4	P03	#476	#471#570#516	#398#482	#363#124#72	#406#327	#	#284#64#310#445#265#95#126#329#197#333#199#209#396#415#387	#471	#460#300#566
M09	pair33	label	2000tt	3	4	P03	#	#471#516#570	#398#482	#72#363	#406#327	#	#284#64#310#445#265#95#126#329#333#197#199#209#396#415#387	#471	#299#10#212
M09	pair33	label	2000tt	4	4	P03	#	#570#516	#	#363#124#72	#	#	#284#64#310#445#265#95#126#329#197#333#199#209#396#415#387	#	#566
M09	pair33	label	2000tt	5	4	P03	#	#570	#	#363#124#72	#	#	#284#64#310#445#265#95#126#329#197#333#199#209#396#415#387	#	#
M09	pair33	label	2000tt	6	4	P03	#	#	#	#363#124#72	#	#	#284#64#310#445#265#95#126#329#197#333#199#209#396#415#387	#	#
M09	pair33	label	2000tt	7	4	P03	#	#	#	#124	#	#	#284#64#310#445#265#95#126#329#197#333#199#209#396#415#387	#	#
M09	pair33	label	2000tt	8	4	P03	#	#	#	#124	#	#	#284#64#310#445#265#95#126#197#333#199#209#396#387	#	#
M09	pair33	label	2000tt	9	4	P03	#	#	#	#	#	#	#126#64#197#95#199#265#209#396#387	#	#
M09	pair33	label	2000tt	10	4	P03	#	#	#	#	#	#	#126#64#197#199#265#209#95	#	#
M09	pair33	label	2000tt	11	4	P03	#	#	#	#	#	#	#126#64#265#209#95	#	#
M09	pair33	label	2000tt	12	4	P03	#	#	#	#	#	#	#209#95#265	#	#
M09	pair33	label	2000tt	13	4	P03	#	#	#	#	#	#	#209#95#265	#	#
M09	pair33	label	2000tt	14	4	P03	#	#	#	#	#	#	#265	#	#
M09	pair33	label	2000tt	15	4	P03	#	#	#	#	#	#	#	#	#
M09	pair33	label	2000tt	16	4	P03	#	#	#	#	#	#	#	#	#
M09	pair33	label	2000tt	17	4	P03	#	#	#	#	#	#	#	#	#
M09	pair33	label	2000tt	18	4	P03	#	#	#	#	#	#	#	#	#
M09	pair33	label	2000tt	19	4	P03	#	#	#	#	#	#	#	#	#
M09	pair33	label	2000tt	20	4	P03	#	#	#	#	#	#	#	#	#
M09	pair33	label	2000tt	21	4	P03	#	#	#	#	#	#	#	#	#
M09	pair33	label	2000tt	22	4	P03	#	#	#	#	#	#	#	#	#
M09	pair33	label	2000tt	23	4	P03	#	#	#	#	#	#	#	#	#
M09	pair33	label	2000tt	24	4	P03	#	#	#	#	#	#	#	#	#
M09	pair33	label	2000tt	25	4	P03	#	#	#	#	#	#	#	#	#
M09	pair33	label	2000tt	26	4	P03	#	#	#	#	#	#	#	#	#
M09	pair33	label	2000tt	27	4	P03	#	#	#	#	#	#	#	#	#
M09	pair33	label	2000tt	28	4	P03	#	#	#	#	#	#	#	#	#
M09	pair33	label	2000tt	29	4	P03	#	#	#	#	#	#	#	#	#
M09	pair33	label	2000tt	30	4	P03	#	#	#	#	#	#	#	#	#
M09	pair33	label	2000tt	1	5	P03	#	#	#	#	#	#	#	#	#
M09	pair33	label	2000tt	2	5	P03	#100#399#327	#441	#274#337#315	#569	#129#505#352#80#301#406	#446#410	#151#255#170#348#438#291#282#142#296	#	#56#378#581#224#526
M09	pair33	label	2000tt	3	5	P03	#100#399#327	#441	#274#337#315	#569	#129#505#352#80#301#406	#446#410	#151#255#170#348#438#291#142#282#296	#	#514#412#378#139#436#615#601
M09	pair33	label	2000tt	4	5	P03	#399#327	#441	#	#569	#129	#446#410	#151#255#170#348#438#291#142#282#296	#	#224
M09	pair33	label	2000tt	5	5	P03	#327	#	#	#569	#129#352	#446	#151#255#170#348#438#291#142#282#296	#	#
M09	pair33	label	2000tt	6	5	P03	#	#441	#	#569	#	#	#151#255#170#348#438#291#142#282#296	#	#
M09	pair33	label	2000tt	7	5	P03	#	#	#	#	#129	#	#151#255#348#438#291#142#282#296	#	#
M09	pair33	label	2000tt	8	5	P03	#	#	#	#	#	#	#151#255#170#348#438#291#142#282	#	#
M09	pair33	label	2000tt	9	5	P03	#	#	#	#	#	#	#291#142#282#255	#	#
M09	pair33	label	2000tt	10	5	P03	#	#	#	#	#	#	#291	#	#
M09	pair33	label	2000tt	11	5	P03	#	#	#	#	#	#	#291	#	#
M09	pair33	label	2000tt	12	5	P03	#	#	#	#	#	#	#	#	#
M09	pair33	label	2000tt	13	5	P03	#	#	#	#	#	#	#	#	#
M09	pair33	label	2000tt	14	5	P03	#	#	#	#	#	#	#	#	#
M09	pair33	label	2000tt	15	5	P03	#	#	#	#	#	#	#	#	#
M09	pair33	label	2000tt	16	5	P03	#	#	#	#	#	#	#	#	#
M09	pair33	label	2000tt	17	5	P03	#	#	#	#	#	#	#	#	#
M09	pair33	label	2000tt	18	5	P03	#	#	#	#	#	#	#	#	#
M09	pair33	label	2000tt	19	5	P03	#	#	#	#	#	#	#	#	#
M09	pair33	label	2000tt	20	5	P03	#	#	#	#	#	#	#	#	#
M09	pair33	label	2000tt	21	5	P03	#	#	#	#	#	#	#	#	#
M09	pair33	label	2000tt	22	5	P03	#	#	#	#	#	#	#	#	#
M09	pair33	label	2000tt	23	5	P03	#	#	#	#	#	#	#	#	#
M09	pair33	label	2000tt	24	5	P03	#	#	#	#	#	#	#	#	#
M09	pair33	label	2000tt	25	5	P03	#	#	#	#	#	#	#	#	#
M09	pair33	label	2000tt	26	5	P03	#	#	#	#	#	#	#	#	#
M09	pair33	label	2000tt	27	5	P03	#	#	#	#	#	#	#	#	#
M09	pair33	label	2000tt	28	5	P03	#	#	#	#	#	#	#	#	#
M09	pair33	label	2000tt	29	5	P03	#	#	#	#	#	#	#	#	#
M09	pair33	label	2000tt	30	5	P03	#	#	#	#	#	#	#	#	#
M09	pair33	label	2000tt	1	6	P03	#114#355#202	#45#442#17	#436#500#324	#136#544#289#2	#432#529#77#254	#306#319#513	#296#364#199#217	#	#
M09	pair33	label	2000tt	2	6	P03	#114#355#202	#45#442#17	#436#500#324	#136#544#289#2	#432#529#77#254	#306#319#513	#296#364#199#217	#	#
M09	pair33	label	2000tt	3	6	P03	#114#355	#45#442	#324	#136#289	#432#254	#306#319#513	#364#199#217#296	#	#
M09	pair33	label	2000tt	4	6	P03	#	#45#442	#324	#289	#432#254	#306	#364#199#217#296	#	#
M09	pair33	label	2000tt	5	6	P03	#	#45#442	#	#136	#432#254	#306	#364#199#217#296	#	#
M09	pair33	label	2000tt	6	6	P03	#	#45#442	#	#289	#432#254	#306	#364#199#217#296	#	#
M09	pair33	label	2000tt	7	6	P03	#	#442	#	#289	#	#	#364#199#217#296	#	#
M09	pair33	label	2000tt	8	6	P03	#	#	#	#	#	#	#296#364#199#217	#	#
M09	pair33	label	2000tt	9	6	P03	#	#	#	#	#	#	#296#364#199	#	#
M09	pair33	label	2000tt	10	6	P03	#	#	#	#	#	#	#296#364	#	#
M09	pair33	label	2000tt	11	6	P03	#	#	#	#	#	#	#	#	#
M09	pair33	label	2000tt	12	6	P03	#	#	#	#	#	#	#	#	#
M09	pair33	label	2000tt	13	6	P03	#	#	#	#	#	#	#	#	#
M09	pair33	label	2000tt	14	6	P03	#	#	#	#	#	#	#	#	#
M09	pair33	label	2000tt	15	6	P03	#	#	#	#	#	#	#	#	#
M09	pair33	label	2000tt	16	6	P03	#	#	#	#	#	#	#	#	#
M09	pair33	label	2000tt	17	6	P03	#	#	#	#	#	#	#	#	#
M09	pair33	label	2000tt	18	6	P03	#	#	#	#	#	#	#	#	#
M09	pair33	label	2000tt	19	6	P03	#	#	#	#	#	#	#	#	#
M09	pair33	label	2000tt	20	6	P03	#	#	#	#	#	#	#	#	#
M09	pair33	label	2000tt	21	6	P03	#	#	#	#	#	#	#	#	#
M09	pair33	label	2000tt	22	6	P03	#	#	#	#	#	#	#	#	#
M09	pair33	label	2000tt	23	6	P03	#	#	#	#	#	#	#	#	#
M09	pair33	label	2000tt	24	6	P03	#	#	#	#	#	#	#	#	#
M09	pair33	label	2000tt	25	6	P03	#	#	#	#	#	#	#	#	#
M09	pair33	label	2000tt	26	6	P03	#	#	#	#	#	#	#	#	#
M09	pair33	label	2000tt	27	6	P03	#	#	#	#	#	#	#	#	#
M09	pair33	label	2000tt	28	6	P03	#	#	#	#	#	#	#	#	#
M09	pair33	label	2000tt	29	6	P03	#	#	#	#	#	#	#	#	#
M09	pair33	label	2000tt	30	6	P03	#	#	#	#	#	#	#	#	#
M09	pair33	label	2000tt	1	7	P03	#	#	#	#	#	#	#	#	#
M09	pair33	label	2000tt	2	7	P03	#	#	#	#	#	#	#	#	#
M09	pair33	label	2000tt	3	7	P03	#	#	#	#	#	#	#	#	#
M09	pair33	label	2000tt	4	7	P03	#	#	#	#	#	#272	#141#51#154#48	#141#51#272#154#260#48	#
M09	pair33	label	2000tt	5	7	P03	#	#	#	#	#	#272	#141#51#154#174#48	#141#51#272#154#174#48	#
M09	pair33	label	2000tt	6	7	P03	#	#	#	#	#	#272	#141#51#154#174#48	#141#51#272#154#174#48	#
M09	pair33	label	2000tt	7	7	P03	#	#	#	#	#	#272	#141#51#154#174#48	#141#51#272#348#154#174#260#48	#
M09	pair33	label	2000tt	8	7	P03	#	#	#	#	#	#	#141#154#174#48	#141#154#174#48	#
M09	pair33	label	2000tt	9	7	P03	#	#	#	#	#	#272	#141#154#174#48	#141#272#154#174#48	#
M09	pair33	label	2000tt	10	7	P03	#	#	#	#	#	#	#154#174#141#48	#154#174#141#48	#
M09	pair33	label	2000tt	11	7	P03	#	#	#	#	#	#	#174#141	#174#141	#
M09	pair33	label	2000tt	12	7	P03	#	#	#	#	#	#	#174	#174	#
M09	pair33	label	2000tt	13	7	P03	#	#	#	#	#	#	#174	#174	#
M09	pair33	label	2000tt	14	7	P03	#	#	#	#	#	#	#	#	#
M09	pair33	label	2000tt	15	7	P03	#	#	#	#	#	#	#	#	#
M09	pair33	label	2000tt	16	7	P03	#	#	#	#	#	#	#	#	#
M09	pair33	label	2000tt	17	7	P03	#	#	#	#	#	#	#	#	#
M09	pair33	label	2000tt	18	7	P03	#	#	#	#	#	#	#	#	#
M09	pair33	label	2000tt	19	7	P03	#	#	#	#	#	#	#	#	#
M09	pair33	label	2000tt	20	7	P03	#	#	#	#	#	#	#	#	#
M09	pair33	label	2000tt	21	7	P03	#	#	#	#	#	#	#	#	#
M09	pair33	label	2000tt	22	7	P03	#	#	#	#	#	#	#	#	#
M09	pair33	label	2000tt	23	7	P03	#	#	#	#	#	#	#	#	#
M09	pair33	label	2000tt	24	7	P03	#	#	#	#	#	#	#	#	#
M09	pair33	label	2000tt	25	7	P03	#	#	#	#	#	#	#	#	#
M09	pair33	label	2000tt	26	7	P03	#	#	#	#	#	#	#	#	#
M09	pair33	label	2000tt	27	7	P03	#	#	#	#	#	#	#	#	#
M09	pair33	label	2000tt	28	7	P03	#	#	#	#	#	#	#	#	#
M09	pair33	label	2000tt	29	7	P03	#	#	#	#	#	#	#	#	#
M09	pair33	label	2000tt	30	7	P03	#	#	#	#	#	#	#	#	#
M09	pair33	label	2000tt	1	8	P03	#	#	#	#	#	#	#	#	#
M09	pair33	label	2000tt	2	8	P03	#	#	#	#	#	#	#	#	#
M09	pair33	label	2000tt	3	8	P03	#	#	#	#	#	#	#	#	#
M09	pair33	label	2000tt	4	8	P03	#	#	#	#	#246	#	#151#218#275#285#50#147#95#575#94#165#213	#	#317#290#311#343#292#162#170#42#135#91#172#418#249#15#101#573#98#25#393#17#166#119#276#155#194#148#319#141#198#373#79#190#227#206#499#137#248#271#326#588#171#342#210#595#118#120#164#268#219#201#387#548
M09	pair33	label	2000tt	5	8	P03	#	#	#	#	#246	#	#151#218#275#285#50#147#95#575#94#165#213	#	#253#168
M09	pair33	label	2000tt	6	8	P03	#	#	#	#	#246	#	#151#218#275#285#50#147#95#575#94#165#213	#	#172#168
M09	pair33	label	2000tt	7	8	P03	#	#	#	#	#	#	#151#218#275#285#50#147#95#575#94#165#213	#	#168
M09	pair33	label	2000tt	8	8	P03	#	#	#	#	#246	#	#151#218#275#285#50#147#95#94#165#213	#	#168
M09	pair33	label	2000tt	9	8	P03	#	#	#	#	#	#	#151#218#275#285#50#147#95#94#165#213	#	#
M09	pair33	label	2000tt	10	8	P03	#	#	#	#	#	#	#151#218#94#165#50#147#213#95	#	#
M09	pair33	label	2000tt	11	8	P03	#	#	#	#	#	#	#151#218#94#165#50#147#95	#	#
M09	pair33	label	2000tt	12	8	P03	#	#	#	#	#	#	#151#218#94#50#147	#	#
M09	pair33	label	2000tt	13	8	P03	#	#	#	#	#	#	#151#218#50#147	#	#
M09	pair33	label	2000tt	14	8	P03	#	#	#	#	#	#	#50#218	#	#
M09	pair33	label	2000tt	15	8	P03	#	#	#	#	#	#	#	#	#
M09	pair33	label	2000tt	16	8	P03	#	#	#	#	#	#	#	#	#
M09	pair33	label	2000tt	17	8	P03	#	#	#	#	#	#	#	#	#
M09	pair33	label	2000tt	18	8	P03	#	#	#	#	#	#	#	#	#
M09	pair33	label	2000tt	19	8	P03	#	#	#	#	#	#	#	#	#
M09	pair33	label	2000tt	20	8	P03	#	#	#	#	#	#	#	#	#
M09	pair33	label	2000tt	21	8	P03	#	#	#	#	#	#	#	#	#
M09	pair33	label	2000tt	22	8	P03	#	#	#	#	#	#	#	#	#
M09	pair33	label	2000tt	23	8	P03	#	#	#	#	#	#	#	#	#
M09	pair33	label	2000tt	24	8	P03	#	#	#	#	#	#	#	#	#
M09	pair33	label	2000tt	25	8	P03	#	#	#	#	#	#	#	#	#
M09	pair33	label	2000tt	26	8	P03	#	#	#	#	#	#	#	#	#
M09	pair33	label	2000tt	27	8	P03	#	#	#	#	#	#	#	#	#
M09	pair33	label	2000tt	28	8	P03	#	#	#	#	#	#	#	#	#
M09	pair33	label	2000tt	29	8	P03	#	#	#	#	#	#	#	#	#
M09	pair33	label	2000tt	30	8	P03	#	#	#	#	#	#	#	#	#
M09	pair33	label	2000tt	1	9	P03	#	#	#	#	#	#	#	#	#
M09	pair33	label	2000tt	2	9	P03	#	#	#	#	#	#	#	#	#
M09	pair33	label	2000tt	3	9	P03	#	#	#	#	#	#	#172#221#117#113#69#75#241#273#240#146#234#216#201#74	#216	#492#64#14#37#362#606#159#621#211#226
M09	pair33	label	2000tt	4	9	P03	#	#	#	#	#	#	#172#221#117#113#69#75#241#273#240#146#234#216#201#74	#216	#325#458#484#190#292#47#534#217#257#202#251#449#37#159#623#621#286#338#144#608#495#153#431#479
M09	pair33	label	2000tt	5	9	P03	#	#	#	#	#	#	#172#221#117#113#69#75#241#273#240#146#234#216#201#74	#119#67#216#123	#318#56#5#294#163#141#218#220#290#190#292#47#217#257#322#316#293#192#250#171#295#251#118#289#103#130#243#96#247#144#338#153#194
M09	pair33	label	2000tt	6	9	P03	#	#	#	#	#	#	#172#221#117#113#69#75#241#273#240#146#234#216#201#74	#216	#56#5
M09	pair33	label	2000tt	7	9	P03	#	#	#	#	#	#	#172#221#117#113#69#75#241#273#240#146#234#216#201#74	#216	#56#5
M09	pair33	label	2000tt	8	9	P03	#	#	#	#	#	#	#172#221#117#113#69#75#241#273#240#146#234#216#201#74	#216	#56
M09	pair33	label	2000tt	9	9	P03	#	#	#	#	#	#	#172#221#117#113#69#75#241#273#240#146#234#216#201#74	#216	#
M09	pair33	label	2000tt	10	9	P03	#	#	#	#	#	#	#172#221#117#113#69#75#241#273#240#146#216#201#74	#216	#
M09	pair33	label	2000tt	11	9	P03	#	#	#	#	#	#	#172#221#117#113#69#75#241#273#240#146#216#74	#216	#
M09	pair33	label	2000tt	12	9	P03	#	#	#	#	#	#	#172#221#117#113#75#241#273#240#146#74	#	#
M09	pair33	label	2000tt	13	9	P03	#	#	#	#	#	#	#75#241#240#146#172#221#113	#	#
M09	pair33	label	2000tt	14	9	P03	#	#	#	#	#	#	#172#75#113	#	#
M09	pair33	label	2000tt	15	9	P03	#	#	#	#	#	#	#75	#	#
M09	pair33	label	2000tt	16	9	P03	#	#	#	#	#	#	#	#	#
M09	pair33	label	2000tt	17	9	P03	#	#	#	#	#	#	#	#	#
M09	pair33	label	2000tt	18	9	P03	#	#	#	#	#	#	#	#	#
M09	pair33	label	2000tt	19	9	P03	#	#	#	#	#	#	#	#	#
M09	pair33	label	2000tt	20	9	P03	#	#	#	#	#	#	#	#	#
M09	pair33	label	2000tt	21	9	P03	#	#	#	#	#	#	#	#	#
M09	pair33	label	2000tt	22	9	P03	#	#	#	#	#	#	#	#	#
M09	pair33	label	2000tt	23	9	P03	#	#	#	#	#	#	#	#	#
M09	pair33	label	2000tt	24	9	P03	#	#	#	#	#	#	#	#	#
M09	pair33	label	2000tt	25	9	P03	#	#	#	#	#	#	#	#	#
M09	pair33	label	2000tt	26	9	P03	#	#	#	#	#	#	#	#	#
M09	pair33	label	2000tt	27	9	P03	#	#	#	#	#	#	#	#	#
M09	pair33	label	2000tt	28	9	P03	#	#	#	#	#	#	#	#	#
M09	pair33	label	2000tt	29	9	P03	#	#	#	#	#	#	#	#	#
M09	pair33	label	2000tt	30	9	P03	#	#	#	#	#	#	#	#	#
M09	pair33	label	2000tt	1	10	P03	#	#	#	#	#	#	#	#	#
M09	pair33	label	2000tt	2	10	P03	#	#	#	#	#	#	#	#	#
M09	pair33	label	2000tt	3	10	P03	#154	#	#	#	#	#	#220#262#249#315#111#97#127#175#173#119#164#208#267	#127#249	#448#472#357#343#251#475#450#413#63#1#291#338#336#525#301
M09	pair33	label	2000tt	4	10	P03	#	#	#	#	#	#	#220#262#249#315#111#97#127#175#173#119#164#208#267	#249#127#72	#383#378#305#20#310#357#343#563#368#438#91#338#147#337#548
M09	pair33	label	2000tt	5	10	P03	#154	#	#	#	#	#	#220#262#249#315#111#97#127#175#173#119#164#208#267	#127#72#146#322#249#184	#310#239#1#4#260#221#248#293#147#616#301#246#245#43#94#314#270#142#622#186#462#169#366#226#140
M09	pair33	label	2000tt	6	10	P03	#154	#	#	#	#	#	#220#262#249#315#111#97#127#175#173#119#164#208#267	#249#127	#
M09	pair33	label	2000tt	7	10	P03	#154	#	#	#	#	#	#220#262#249#315#111#97#127#175#173#119#164#208#267	#249#127	#
M09	pair33	label	2000tt	8	10	P03	#	#	#	#	#	#	#220#262#249#315#111#97#127#175#173#119#164#208#267	#249#127	#
M09	pair33	label	2000tt	9	10	P03	#	#	#	#	#	#	#220#262#249#315#111#97#127#175#173#119#164#208#267	#249#127	#
M09	pair33	label	2000tt	10	10	P03	#	#	#	#	#	#	#220#262#249#315#111#97#127#175#173#119#164#208#267	#249#127	#
M09	pair33	label	2000tt	11	10	P03	#	#	#	#	#	#	#97#127#175#173#119#164#267#249#262	#249#127	#
M09	pair33	label	2000tt	12	10	P03	#	#	#	#	#	#	#97#173#119#164#267#249#262	#249	#
M09	pair33	label	2000tt	13	10	P03	#	#	#	#	#	#	#97#173#164#267#262#249	#249	#
M09	pair33	label	2000tt	14	10	P03	#	#	#	#	#	#	#173#267	#	#
M09	pair33	label	2000tt	15	10	P03	#	#	#	#	#	#	#	#	#
M09	pair33	label	2000tt	16	10	P03	#	#	#	#	#	#	#	#	#
M09	pair33	label	2000tt	17	10	P03	#	#	#	#	#	#	#	#	#
M09	pair33	label	2000tt	18	10	P03	#	#	#	#	#	#	#	#	#
M09	pair33	label	2000tt	19	10	P03	#	#	#	#	#	#	#	#	#
M09	pair33	label	2000tt	20	10	P03	#	#	#	#	#	#	#	#	#
M09	pair33	label	2000tt	21	10	P03	#	#	#	#	#	#	#	#	#
M09	pair33	label	2000tt	22	10	P03	#	#	#	#	#	#	#	#	#
M09	pair33	label	2000tt	23	10	P03	#	#	#	#	#	#	#	#	#
M09	pair33	label	2000tt	24	10	P03	#	#	#	#	#	#	#	#	#
M09	pair33	label	2000tt	25	10	P03	#	#	#	#	#	#	#	#	#
M09	pair33	label	2000tt	26	10	P03	#	#	#	#	#	#	#	#	#
M09	pair33	label	2000tt	27	10	P03	#	#	#	#	#	#	#	#	#
M09	pair33	label	2000tt	28	10	P03	#	#	#	#	#	#	#	#	#
M09	pair33	label	2000tt	29	10	P03	#	#	#	#	#	#	#	#	#
M09	pair33	label	2000tt	30	10	P03	#	#	#	#	#	#	#	#	#
M09	pair33	label	2000tt	1	11	P03	#	#	#	#	#	#	#	#	#
M09	pair33	label	2000tt	2	11	P03	#	#	#	#	#	#	#	#	#
M09	pair33	label	2000tt	3	11	P03	#	#	#	#	#	#	#	#	#
M09	pair33	label	2000tt	4	11	P03	#	#	#	#	#	#316	#79#77#126#202#240#114#270#96#144#219	#126#268#77#172	#318#294#484#391#38#28#323#29#88#170#291#189#249#335#158#245#20#182#388#125#622#134#163#139#373#115#190#116#467#239#298#248#263#145#261#43#425#334#340#197#120#216#109#169#435#463
M09	pair33	label	2000tt	5	11	P03	#	#	#31	#	#	#316	#79#77#126#202#240#114#270#96#144#219	#126#77	#323#257
M09	pair33	label	2000tt	6	11	P03	#	#	#31	#	#	#316	#79#77#126#202#240#114#270#96#144#219	#126#77	#120#101#163#248#98#169#191
M09	pair33	label	2000tt	7	11	P03	#	#	#31	#	#	#	#126#202#240#114#270#96#77#144#219	#126#77	#
M09	pair33	label	2000tt	8	11	P03	#	#	#31	#	#	#	#126#202#240#114#270#96#77#144#219	#126#77	#
M09	pair33	label	2000tt	9	11	P03	#	#	#	#	#	#	#126#240#270#77#144#219	#126#77	#
M09	pair33	label	2000tt	10	11	P03	#	#	#	#	#	#	#202#240#270#96#77#144#219	#77	#
M09	pair33	label	2000tt	11	11	P03	#	#	#	#	#	#	#270#77#144	#77	#
M09	pair33	label	2000tt	12	11	P03	#	#	#	#	#	#	#144	#	#
M09	pair33	label	2000tt	13	11	P03	#	#	#	#	#	#	#144	#	#
M09	pair33	label	2000tt	14	11	P03	#	#	#	#	#	#	#144	#	#
M09	pair33	label	2000tt	15	11	P03	#	#	#	#	#	#	#144	#	#
M09	pair33	label	2000tt	16	11	P03	#	#	#	#	#	#	#	#	#
M09	pair33	label	2000tt	17	11	P03	#	#	#	#	#	#	#	#	#
M09	pair33	label	2000tt	18	11	P03	#	#	#	#	#	#	#	#	#
M09	pair33	label	2000tt	19	11	P03	#	#	#	#	#	#	#	#	#
M09	pair33	label	2000tt	20	11	P03	#	#	#	#	#	#	#	#	#
M09	pair33	label	2000tt	21	11	P03	#	#	#	#	#	#	#	#	#
M09	pair33	label	2000tt	22	11	P03	#	#	#	#	#	#	#	#	#
M09	pair33	label	2000tt	23	11	P03	#	#	#	#	#	#	#	#	#
M09	pair33	label	2000tt	24	11	P03	#	#	#	#	#	#	#	#	#
M09	pair33	label	2000tt	25	11	P03	#	#	#	#	#	#	#	#	#
M09	pair33	label	2000tt	26	11	P03	#	#	#	#	#	#	#	#	#
M09	pair33	label	2000tt	27	11	P03	#	#	#	#	#	#	#	#	#
M09	pair33	label	2000tt	28	11	P03	#	#	#	#	#	#	#	#	#
M09	pair33	label	2000tt	29	11	P03	#	#	#	#	#	#	#	#	#
M09	pair33	label	2000tt	30	11	P03	#	#	#	#	#	#	#	#	#
M09	pair33	label	2000tt	1	12	P03	#	#	#	#	#	#	#	#	#
M09	pair33	label	2000tt	2	12	P03	#	#	#	#	#	#	#	#	#
M09	pair33	label	2000tt	3	12	P03	#	#	#	#	#	#	#	#	#
M09	pair33	label	2000tt	4	12	P03	#230	#	#	#	#	#	#185#272#150#1#132	#290#98#230#185#272#150#1#270#132	#
M09	pair33	label	2000tt	5	12	P03	#	#	#	#	#	#	#185#272#150#1	#290#71#185#272#150#1#367	#
M09	pair33	label	2000tt	6	12	P03	#230	#	#	#	#	#	#185#272#150#1#132	#230#185#71#272#150#1#270#132#367	#
M09	pair33	label	2000tt	7	12	P03	#	#	#	#	#	#	#185#272#150#1#132	#185#272#150#1#132	#
M09	pair33	label	2000tt	8	12	P03	#230	#	#	#	#	#	#1#185#150	#1#230#185#150	#
M09	pair33	label	2000tt	9	12	P03	#	#	#	#	#	#	#185#272#150#1	#185#272#150#1	#
M09	pair33	label	2000tt	10	12	P03	#	#	#	#	#	#	#1#150	#1#150	#
M09	pair33	label	2000tt	11	12	P03	#	#	#	#	#	#	#	#	#
M09	pair33	label	2000tt	12	12	P03	#	#	#	#	#	#	#	#	#
M09	pair33	label	2000tt	13	12	P03	#	#	#	#	#	#	#	#	#
M09	pair33	label	2000tt	14	12	P03	#	#	#	#	#	#	#	#	#
M09	pair33	label	2000tt	15	12	P03	#	#	#	#	#	#	#	#	#
M09	pair33	label	2000tt	16	12	P03	#	#	#	#	#	#	#	#	#
M09	pair33	label	2000tt	17	12	P03	#	#	#	#	#	#	#	#	#
M09	pair33	label	2000tt	18	12	P03	#	#	#	#	#	#	#	#	#
M09	pair33	label	2000tt	19	12	P03	#	#	#	#	#	#	#	#	#
M09	pair33	label	2000tt	20	12	P03	#	#	#	#	#	#	#	#	#
M09	pair33	label	2000tt	21	12	P03	#	#	#	#	#	#	#	#	#
M09	pair33	label	2000tt	22	12	P03	#	#	#	#	#	#	#	#	#
M09	pair33	label	2000tt	23	12	P03	#	#	#	#	#	#	#	#	#
M09	pair33	label	2000tt	24	12	P03	#	#	#	#	#	#	#	#	#
M09	pair33	label	2000tt	25	12	P03	#	#	#	#	#	#	#	#	#
M09	pair33	label	2000tt	26	12	P03	#	#	#	#	#	#	#	#	#
M09	pair33	label	2000tt	27	12	P03	#	#	#	#	#	#	#	#	#
M09	pair33	label	2000tt	28	12	P03	#	#	#	#	#	#	#	#	#
M09	pair33	label	2000tt	29	12	P03	#	#	#	#	#	#	#	#	#
M09	pair33	label	2000tt	30	12	P03	#	#	#	#	#	#	#	#	#
M09	pair33	no-label	2000tt	1	1	P03	#44#169#306#501	#333#321#406#34	#128#383#30#164	#212#575#412#585	#185#605#414#63	#121#375#459#591	#	#	#
M09	pair33	no-label	2000tt	2	1	P03	#44#169#306#501	#333#321#406#34	#128#383#30#164	#212#575#412#585	#185#605#414#63	#121#375#459#591	#	#	#
M09	pair33	no-label	2000tt	3	1	P03	#	#	#	#	#	#	#	#	#
M09	pair33	no-label	2000tt	4	1	P03	#	#	#	#	#	#	#	#	#583#613#533
M09	pair33	no-label	2000tt	5	1	P03	#	#	#	#	#	#	#	#	#
M09	pair33	no-label	2000tt	6	1	P03	#	#	#	#	#	#	#	#	#
M09	pair33	no-label	2000tt	7	1	P03	#	#	#	#	#	#	#	#	#
M09	pair33	no-label	2000tt	8	1	P03	#	#	#	#	#	#	#	#	#
M09	pair33	no-label	2000tt	9	1	P03	#	#	#	#	#	#	#	#	#
M09	pair33	no-label	2000tt	10	1	P03	#	#	#	#	#	#	#	#	#
M09	pair33	no-label	2000tt	11	1	P03	#	#	#	#	#	#	#	#	#
M09	pair33	no-label	2000tt	12	1	P03	#	#	#	#	#	#	#	#	#
M09	pair33	no-label	2000tt	13	1	P03	#	#	#	#	#	#	#	#	#
M09	pair33	no-label	2000tt	14	1	P03	#	#	#	#	#	#	#	#	#
M09	pair33	no-label	2000tt	15	1	P03	#	#	#	#	#	#	#	#	#
M09	pair33	no-label	2000tt	16	1	P03	#	#	#	#	#	#	#	#	#
M09	pair33	no-label	2000tt	17	1	P03	#	#	#	#	#	#	#	#	#
M09	pair33	no-label	2000tt	18	1	P03	#	#	#	#	#	#	#	#	#
M09	pair33	no-label	2000tt	19	1	P03	#	#	#	#	#	#	#	#	#
M09	pair33	no-label	2000tt	20	1	P03	#	#	#	#	#	#	#	#	#
M09	pair33	no-label	2000tt	21	1	P03	#	#	#	#	#	#	#	#	#
M09	pair33	no-label	2000tt	22	1	P03	#	#	#	#	#	#	#	#	#
M09	pair33	no-label	2000tt	23	1	P03	#	#	#	#	#	#	#	#	#
M09	pair33	no-label	2000tt	24	1	P03	#	#	#	#	#	#	#	#	#
M09	pair33	no-label	2000tt	25	1	P03	#	#	#	#	#	#	#	#	#
M09	pair33	no-label	2000tt	26	1	P03	#	#	#	#	#	#	#	#	#
M09	pair33	no-label	2000tt	27	1	P03	#	#	#	#	#	#	#	#	#
M09	pair33	no-label	2000tt	28	1	P03	#	#	#	#	#	#	#	#	#
M09	pair33	no-label	2000tt	29	1	P03	#	#	#	#	#	#	#	#	#
M09	pair33	no-label	2000tt	30	1	P03	#	#	#	#	#	#	#	#	#
M09	pair33	no-label	2000tt	1	2	P03	#	#	#	#	#	#	#	#	#
M09	pair33	no-label	2000tt	2	2	P03	#579#165	#179#370#409#537#17#268#462#624	#565#605#209#419#186#262#528#601	#441#484#564	#55#236#609#367	#21	#	#	#584
M09	pair33	no-label	2000tt	3	2	P03	#579#165	#179#370#409#537#17#268#462#624	#565#605#209#419#186#262#601#528	#441#484#564	#55#236#609#367	#21	#	#	#489#145#428#357#503#514#584#398#442#30
M09	pair33	no-label	2000tt	4	2	P03	#	#370#462	#	#441	#236	#	#	#	#
M09	pair33	no-label	2000tt	5	2	P03	#	#370#462	#	#441	#	#	#	#	#
M09	pair33	no-label	2000tt	6	2	P03	#	#370	#	#	#	#	#	#	#
M09	pair33	no-label	2000tt	7	2	P03	#	#	#	#	#	#	#	#	#
M09	pair33	no-label	2000tt	8	2	P03	#	#	#	#	#	#	#	#	#
M09	pair33	no-label	2000tt	9	2	P03	#	#	#	#	#	#	#	#	#
M09	pair33	no-label	2000tt	10	2	P03	#	#	#	#	#	#	#	#	#
M09	pair33	no-label	2000tt	11	2	P03	#	#	#	#	#	#	#	#	#
M09	pair33	no-label	2000tt	12	2	P03	#	#	#	#	#	#	#	#	#
M09	pair33	no-label	2000tt	13	2	P03	#	#	#	#	#	#	#	#	#
M09	pair33	no-label	2000tt	14	2	P03	#	#	#	#	#	#	#	#	#
M09	pair33	no-label	2000tt	15	2	P03	#	#	#	#	#	#	#	#	#
M09	pair33	no-label	2000tt	16	2	P03	#	#	#	#	#	#	#	#	#
M09	pair33	no-label	2000tt	17	2	P03	#	#	#	#	#	#	#	#	#
M09	pair33	no-label	2000tt	18	2	P03	#	#	#	#	#	#	#	#	#
M09	pair33	no-label	2000tt	19	2	P03	#	#	#	#	#	#	#	#	#
M09	pair33	no-label	2000tt	20	2	P03	#	#	#	#	#	#	#	#	#
M09	pair33	no-label	2000tt	21	2	P03	#	#	#	#	#	#	#	#	#
M09	pair33	no-label	2000tt	22	2	P03	#	#	#	#	#	#	#	#	#
M09	pair33	no-label	2000tt	23	2	P03	#	#	#	#	#	#	#	#	#
M09	pair33	no-label	2000tt	24	2	P03	#	#	#	#	#	#	#	#	#
M09	pair33	no-label	2000tt	25	2	P03	#	#	#	#	#	#	#	#	#
M09	pair33	no-label	2000tt	26	2	P03	#	#	#	#	#	#	#	#	#
M09	pair33	no-label	2000tt	27	2	P03	#	#	#	#	#	#	#	#	#
M09	pair33	no-label	2000tt	28	2	P03	#	#	#	#	#	#	#	#	#
M09	pair33	no-label	2000tt	29	2	P03	#	#	#	#	#	#	#	#	#
M09	pair33	no-label	2000tt	30	2	P03	#	#	#	#	#	#	#	#	#
M09	pair33	no-label	2000tt	1	3	P03	#	#	#	#	#	#	#	#	#
M09	pair33	no-label	2000tt	2	3	P03	#466#605#569#7	#383#500#290#485#443#535#376	#484#585#357#58#215#178#286#133	#518#338	#111#4#79	#577#590	#	#	#
M09	pair33	no-label	2000tt	3	3	P03	#569#466#7#605	#443#383#535#500#376#290#485	#484#585#357#58#215#178#286#133	#518#394#338	#111#4#79	#577#590	#	#	#347#299#448#378#197#583#251#343#446#512#558#540#256#611#580
M09	pair33	no-label	2000tt	4	3	P03	#	#535#383#485#290	#	#394	#	#	#	#	#558#458#391#516
M09	pair33	no-label	2000tt	5	3	P03	#	#485	#	#394	#	#	#	#	#
M09	pair33	no-label	2000tt	6	3	P03	#	#	#	#394	#	#	#	#	#
M09	pair33	no-label	2000tt	7	3	P03	#	#	#	#394	#	#	#	#	#
M09	pair33	no-label	2000tt	8	3	P03	#	#	#	#394	#	#	#	#	#
M09	pair33	no-label	2000tt	9	3	P03	#	#	#	#394	#	#	#	#	#
M09	pair33	no-label	2000tt	10	3	P03	#	#	#	#	#	#	#	#	#
M09	pair33	no-label	2000tt	11	3	P03	#	#	#	#	#	#	#	#	#
M09	pair33	no-label	2000tt	12	3	P03	#	#	#	#	#	#	#	#	#
M09	pair33	no-label	2000tt	13	3	P03	#	#	#	#	#	#	#	#	#
M09	pair33	no-label	2000tt	14	3	P03	#	#	#	#	#	#	#	#	#
M09	pair33	no-label	2000tt	15	3	P03	#	#	#	#	#	#	#	#	#
M09	pair33	no-label	2000tt	16	3	P03	#	#	#	#	#	#	#	#	#
M09	pair33	no-label	2000tt	17	3	P03	#	#	#	#	#	#	#	#	#
M09	pair33	no-label	2000tt	18	3	P03	#	#	#	#	#	#	#	#	#
M09	pair33	no-label	2000tt	19	3	P03	#	#	#	#	#	#	#	#	#
M09	pair33	no-label	2000tt	20	3	P03	#	#	#	#	#	#	#	#	#
M09	pair33	no-label	2000tt	21	3	P03	#	#	#	#	#	#	#	#	#
M09	pair33	no-label	2000tt	22	3	P03	#	#	#	#	#	#	#	#	#
M09	pair33	no-label	2000tt	23	3	P03	#	#	#	#	#	#	#	#	#
M09	pair33	no-label	2000tt	24	3	P03	#	#	#	#	#	#	#	#	#
M09	pair33	no-label	2000tt	25	3	P03	#	#	#	#	#	#	#	#	#
M09	pair33	no-label	2000tt	26	3	P03	#	#	#	#	#	#	#	#	#
M09	pair33	no-label	2000tt	27	3	P03	#	#	#	#	#	#	#	#	#
M09	pair33	no-label	2000tt	28	3	P03	#	#	#	#	#	#	#	#	#
M09	pair33	no-label	2000tt	29	3	P03	#	#	#	#	#	#	#	#	#
M09	pair33	no-label	2000tt	30	3	P03	#	#	#	#	#	#	#	#	#
M09	pair33	no-label	2000tt	1	4	P03	#	#	#	#	#	#	#	#	#
M09	pair33	no-label	2000tt	2	4	P03	#476#310#356#7#2	#445#566#516#415#442#570#95	#460#300#391#333#450#482#398	#72#471	#302#406#327	#376#396#387	#	#	#363
M09	pair33	no-label	2000tt	3	4	P03	#476#310#356#7#2	#566#516#415#442#570#95#445	#460#300#391#333#450#482#398	#72#471	#302#406#327	#376#396#387	#	#	#318#299#612#345#605#403#10
M09	pair33	no-label	2000tt	4	4	P03	#310#356	#566#415#442#570	#333#391	#471	#	#	#	#	#419#587#320#509#491#435
M09	pair33	no-label	2000tt	5	4	P03	#	#415#442#570#566	#	#471	#	#	#	#	#
M09	pair33	no-label	2000tt	6	4	P03	#	#415#442	#	#471	#	#	#	#	#
M09	pair33	no-label	2000tt	7	4	P03	#	#415	#	#471	#	#	#	#	#
M09	pair33	no-label	2000tt	8	4	P03	#	#	#	#	#	#	#	#	#
M09	pair33	no-label	2000tt	9	4	P03	#	#	#	#	#	#	#	#	#
M09	pair33	no-label	2000tt	10	4	P03	#	#	#	#	#	#	#	#	#
M09	pair33	no-label	2000tt	11	4	P03	#	#	#	#	#	#	#	#	#
M09	pair33	no-label	2000tt	12	4	P03	#	#	#	#	#	#	#	#	#
M09	pair33	no-label	2000tt	13	4	P03	#	#	#	#	#	#	#	#	#
M09	pair33	no-label	2000tt	14	4	P03	#	#	#	#	#	#	#	#	#
M09	pair33	no-label	2000tt	15	4	P03	#	#	#	#	#	#	#	#	#
M09	pair33	no-label	2000tt	16	4	P03	#	#	#	#	#	#	#	#	#
M09	pair33	no-label	2000tt	17	4	P03	#	#	#	#	#	#	#	#	#
M09	pair33	no-label	2000tt	18	4	P03	#	#	#	#	#	#	#	#	#
M09	pair33	no-label	2000tt	19	4	P03	#	#	#	#	#	#	#	#	#
M09	pair33	no-label	2000tt	20	4	P03	#	#	#	#	#	#	#	#	#
M09	pair33	no-label	2000tt	21	4	P03	#	#	#	#	#	#	#	#	#
M09	pair33	no-label	2000tt	22	4	P03	#	#	#	#	#	#	#	#	#
M09	pair33	no-label	2000tt	23	4	P03	#	#	#	#	#	#	#	#	#
M09	pair33	no-label	2000tt	24	4	P03	#	#	#	#	#	#	#	#	#
M09	pair33	no-label	2000tt	25	4	P03	#	#	#	#	#	#	#	#	#
M09	pair33	no-label	2000tt	26	4	P03	#	#	#	#	#	#	#	#	#
M09	pair33	no-label	2000tt	27	4	P03	#	#	#	#	#	#	#	#	#
M09	pair33	no-label	2000tt	28	4	P03	#	#	#	#	#	#	#	#	#
M09	pair33	no-label	2000tt	29	4	P03	#	#	#	#	#	#	#	#	#
M09	pair33	no-label	2000tt	30	4	P03	#	#	#	#	#	#	#	#	#
M09	pair33	no-label	2000tt	1	5	P03	#	#	#	#	#	#	#	#	#
M09	pair33	no-label	2000tt	2	5	P03	#129#399#100#224	#460#255#491#569#438#291#441#296#495	#151#378#331#371	#	#505#352#581#327#282#80#406	#170#348#446#410	#	#	#526#411
M09	pair33	no-label	2000tt	3	5	P03	#129#224#100#399	#460#255#491#569#438#291#441#296#495	#151#378#371#331	#	#505#352#581#327#282#80#406	#446#410#170#348	#	#	#56#392#420#542#428#532#558#412#577#359#526#470#541#615
M09	pair33	no-label	2000tt	4	5	P03	#	#441#291#438#495#569	#	#	#327	#	#	#	#
M09	pair33	no-label	2000tt	5	5	P03	#	#441#495#438	#	#	#327	#	#	#	#
M09	pair33	no-label	2000tt	6	5	P03	#	#495	#	#	#	#	#	#	#
M09	pair33	no-label	2000tt	7	5	P03	#	#	#	#	#	#	#	#	#
M09	pair33	no-label	2000tt	8	5	P03	#	#	#	#	#	#	#	#	#
M09	pair33	no-label	2000tt	9	5	P03	#	#	#	#	#	#	#	#	#
M09	pair33	no-label	2000tt	10	5	P03	#	#	#	#	#	#	#	#	#
M09	pair33	no-label	2000tt	11	5	P03	#	#	#	#	#	#	#	#	#
M09	pair33	no-label	2000tt	12	5	P03	#	#	#	#	#	#	#	#	#
M09	pair33	no-label	2000tt	13	5	P03	#	#	#	#	#	#	#	#	#
M09	pair33	no-label	2000tt	14	5	P03	#	#	#	#	#	#	#	#	#
M09	pair33	no-label	2000tt	15	5	P03	#	#	#	#	#	#	#	#	#
M09	pair33	no-label	2000tt	16	5	P03	#	#	#	#	#	#	#	#	#
M09	pair33	no-label	2000tt	17	5	P03	#	#	#	#	#	#	#	#	#
M09	pair33	no-label	2000tt	18	5	P03	#	#	#	#	#	#	#	#	#
M09	pair33	no-label	2000tt	19	5	P03	#	#	#	#	#	#	#	#	#
M09	pair33	no-label	2000tt	20	5	P03	#	#	#	#	#	#	#	#	#
M09	pair33	no-label	2000tt	21	5	P03	#	#	#	#	#	#	#	#	#
M09	pair33	no-label	2000tt	22	5	P03	#	#	#	#	#	#	#	#	#
M09	pair33	no-label	2000tt	23	5	P03	#	#	#	#	#	#	#	#	#
M09	pair33	no-label	2000tt	24	5	P03	#	#	#	#	#	#	#	#	#
M09	pair33	no-label	2000tt	25	5	P03	#	#	#	#	#	#	#	#	#
M09	pair33	no-label	2000tt	26	5	P03	#	#	#	#	#	#	#	#	#
M09	pair33	no-label	2000tt	27	5	P03	#	#	#	#	#	#	#	#	#
M09	pair33	no-label	2000tt	28	5	P03	#	#	#	#	#	#	#	#	#
M09	pair33	no-label	2000tt	29	5	P03	#	#	#	#	#	#	#	#	#
M09	pair33	no-label	2000tt	30	5	P03	#	#	#	#	#	#	#	#	#
M09	pair33	no-label	2000tt	1	6	P03	#114#355#199#202	#45#442#364#17	#324#436#500#217	#136#544#289#2	#432#529#77#254	#513#319#306#296	#	#	#
M09	pair33	no-label	2000tt	2	6	P03	#114#355#199#202	#45#442#364#17	#324#436#500#217	#136#544#289#2	#432#529#77#254	#513#319#306#296	#	#	#
M09	pair33	no-label	2000tt	3	6	P03	#114#202#355#199	#364#442	#324#217	#	#	#513#319	#	#	#
M09	pair33	no-label	2000tt	4	6	P03	#	#364	#	#	#	#	#	#	#496#437#444#401#421
M09	pair33	no-label	2000tt	5	6	P03	#	#	#	#	#	#	#	#	#
M09	pair33	no-label	2000tt	6	6	P03	#	#	#	#	#	#	#	#	#
M09	pair33	no-label	2000tt	7	6	P03	#	#	#	#	#	#	#	#	#
M09	pair33	no-label	2000tt	8	6	P03	#	#	#	#	#	#	#	#	#
M09	pair33	no-label	2000tt	9	6	P03	#	#	#	#	#	#	#	#	#
M09	pair33	no-label	2000tt	10	6	P03	#	#	#	#	#	#	#	#	#
M09	pair33	no-label	2000tt	11	6	P03	#	#	#	#	#	#	#	#	#
M09	pair33	no-label	2000tt	12	6	P03	#	#	#	#	#	#	#	#	#
M09	pair33	no-label	2000tt	13	6	P03	#	#	#	#	#	#	#	#	#
M09	pair33	no-label	2000tt	14	6	P03	#	#	#	#	#	#	#	#	#
M09	pair33	no-label	2000tt	15	6	P03	#	#	#	#	#	#	#	#	#
M09	pair33	no-label	2000tt	16	6	P03	#	#	#	#	#	#	#	#	#
M09	pair33	no-label	2000tt	17	6	P03	#	#	#	#	#	#	#	#	#
M09	pair33	no-label	2000tt	18	6	P03	#	#	#	#	#	#	#	#	#
M09	pair33	no-label	2000tt	19	6	P03	#	#	#	#	#	#	#	#	#
M09	pair33	no-label	2000tt	20	6	P03	#	#	#	#	#	#	#	#	#
M09	pair33	no-label	2000tt	21	6	P03	#	#	#	#	#	#	#	#	#
M09	pair33	no-label	2000tt	22	6	P03	#	#	#	#	#	#	#	#	#
M09	pair33	no-label	2000tt	23	6	P03	#	#	#	#	#	#	#	#	#
M09	pair33	no-label	2000tt	24	6	P03	#	#	#	#	#	#	#	#	#
M09	pair33	no-label	2000tt	25	6	P03	#	#	#	#	#	#	#	#	#
M09	pair33	no-label	2000tt	26	6	P03	#	#	#	#	#	#	#	#	#
M09	pair33	no-label	2000tt	27	6	P03	#	#	#	#	#	#	#	#	#
M09	pair33	no-label	2000tt	28	6	P03	#	#	#	#	#	#	#	#	#
M09	pair33	no-label	2000tt	29	6	P03	#	#	#	#	#	#	#	#	#
M09	pair33	no-label	2000tt	30	6	P03	#	#	#	#	#	#	#	#	#
M09	pair33	no-label	2000tt	1	7	P03	#	#	#	#	#	#	#	#	#
M09	pair33	no-label	2000tt	2	7	P03	#	#	#	#	#	#	#	#	#
M09	pair33	no-label	2000tt	3	7	P03	#	#	#	#	#	#	#	#	#
M09	pair33	no-label	2000tt	4	7	P03	#	#	#	#	#	#	#	#	#
M09	pair33	no-label	2000tt	5	7	P03	#	#	#	#	#	#	#	#	#
M09	pair33	no-label	2000tt	6	7	P03	#	#	#	#	#	#	#	#	#
M09	pair33	no-label	2000tt	7	7	P03	#	#	#	#	#	#	#	#	#
M09	pair33	no-label	2000tt	8	7	P03	#	#	#	#	#	#	#	#	#
M09	pair33	no-label	2000tt	9	7	P03	#	#	#	#	#	#	#	#	#
M09	pair33	no-label	2000tt	10	7	P03	#	#	#	#	#	#	#	#	#
M09	pair33	no-label	2000tt	11	7	P03	#	#	#	#	#	#	#	#	#
M09	pair33	no-label	2000tt	12	7	P03	#	#	#	#	#	#	#	#	#
M09	pair33	no-label	2000tt	13	7	P03	#	#	#	#	#	#	#	#	#
M09	pair33	no-label	2000tt	14	7	P03	#	#	#	#	#	#	#	#	#
M09	pair33	no-label	2000tt	15	7	P03	#	#	#	#	#	#	#	#	#
M09	pair33	no-label	2000tt	16	7	P03	#	#	#	#	#	#	#	#	#
M09	pair33	no-label	2000tt	17	7	P03	#	#	#	#	#	#	#	#	#
M09	pair33	no-label	2000tt	18	7	P03	#	#	#	#	#	#	#	#	#
M09	pair33	no-label	2000tt	19	7	P03	#	#	#	#	#	#	#	#	#
M09	pair33	no-label	2000tt	20	7	P03	#	#	#	#	#	#	#	#	#
M09	pair33	no-label	2000tt	21	7	P03	#	#	#	#	#	#	#	#	#
M09	pair33	no-label	2000tt	22	7	P03	#	#	#	#	#	#	#	#	#
M09	pair33	no-label	2000tt	23	7	P03	#	#	#	#	#	#	#	#	#
M09	pair33	no-label	2000tt	24	7	P03	#	#	#	#	#	#	#	#	#
M09	pair33	no-label	2000tt	25	7	P03	#	#	#	#	#	#	#	#	#
M09	pair33	no-label	2000tt	26	7	P03	#	#	#	#	#	#	#	#	#
M09	pair33	no-label	2000tt	27	7	P03	#	#	#	#	#	#	#	#	#
M09	pair33	no-label	2000tt	28	7	P03	#	#	#	#	#	#	#	#	#
M09	pair33	no-label	2000tt	29	7	P03	#	#	#	#	#	#	#	#	#
M09	pair33	no-label	2000tt	30	7	P03	#	#	#	#	#	#	#	#	#
M09	pair33	no-label	2000tt	1	8	P03	#	#	#	#	#	#	#	#	#
M09	pair33	no-label	2000tt	2	8	P03	#	#	#	#	#	#	#	#	#
M09	pair33	no-label	2000tt	3	8	P03	#	#	#	#	#	#	#	#	#
M09	pair33	no-label	2000tt	4	8	P03	#	#	#	#	#	#	#316	#	#392#445
M09	pair33	no-label	2000tt	5	8	P03	#	#	#	#	#	#	#316	#	#
M09	pair33	no-label	2000tt	6	8	P03	#	#	#	#	#	#	#316	#	#
M09	pair33	no-label	2000tt	7	8	P03	#	#	#	#	#	#	#316	#	#445
M09	pair33	no-label	2000tt	8	8	P03	#	#	#	#	#	#	#316	#	#392
M09	pair33	no-label	2000tt	9	8	P03	#	#	#	#	#	#	#	#	#
M09	pair33	no-label	2000tt	10	8	P03	#	#	#	#	#	#	#	#	#
M09	pair33	no-label	2000tt	11	8	P03	#	#	#	#	#	#	#	#	#
M09	pair33	no-label	2000tt	12	8	P03	#	#	#	#	#	#	#	#	#
M09	pair33	no-label	2000tt	13	8	P03	#	#	#	#	#	#	#	#	#
M09	pair33	no-label	2000tt	14	8	P03	#	#	#	#	#	#	#	#	#
M09	pair33	no-label	2000tt	15	8	P03	#	#	#	#	#	#	#	#	#
M09	pair33	no-label	2000tt	16	8	P03	#	#	#	#	#	#	#	#	#
M09	pair33	no-label	2000tt	17	8	P03	#	#	#	#	#	#	#	#	#
M09	pair33	no-label	2000tt	18	8	P03	#	#	#	#	#	#	#	#	#
M09	pair33	no-label	2000tt	19	8	P03	#	#	#	#	#	#	#	#	#
M09	pair33	no-label	2000tt	20	8	P03	#	#	#	#	#	#	#	#	#
M09	pair33	no-label	2000tt	21	8	P03	#	#	#	#	#	#	#	#	#
M09	pair33	no-label	2000tt	22	8	P03	#	#	#	#	#	#	#	#	#
M09	pair33	no-label	2000tt	23	8	P03	#	#	#	#	#	#	#	#	#
M09	pair33	no-label	2000tt	24	8	P03	#	#	#	#	#	#	#	#	#
M09	pair33	no-label	2000tt	25	8	P03	#	#	#	#	#	#	#	#	#
M09	pair33	no-label	2000tt	26	8	P03	#	#	#	#	#	#	#	#	#
M09	pair33	no-label	2000tt	27	8	P03	#	#	#	#	#	#	#	#	#
M09	pair33	no-label	2000tt	28	8	P03	#	#	#	#	#	#	#	#	#
M09	pair33	no-label	2000tt	29	8	P03	#	#	#	#	#	#	#	#	#
M09	pair33	no-label	2000tt	30	8	P03	#	#	#	#	#	#	#	#	#
M09	pair33	no-label	2000tt	1	9	P03	#	#	#	#	#	#	#	#	#
M09	pair33	no-label	2000tt	2	9	P03	#	#	#	#	#	#	#	#	#
M09	pair33	no-label	2000tt	3	9	P03	#	#437	#387	#	#	#	#489	#	#241#342#333#190#482#402#359
M09	pair33	no-label	2000tt	4	9	P03	#	#437	#387	#	#	#	#489	#	#342
M09	pair33	no-label	2000tt	5	9	P03	#	#437	#	#	#	#	#489	#	#359#342
M09	pair33	no-label	2000tt	6	9	P03	#	#437	#	#	#	#	#489	#	#
M09	pair33	no-label	2000tt	7	9	P03	#	#	#	#	#	#	#489	#	#342
M09	pair33	no-label	2000tt	8	9	P03	#	#	#	#	#	#	#489	#	#
M09	pair33	no-label	2000tt	9	9	P03	#	#	#	#	#	#	#	#	#
M09	pair33	no-label	2000tt	10	9	P03	#	#	#	#	#	#	#	#	#
M09	pair33	no-label	2000tt	11	9	P03	#	#	#	#	#	#	#	#	#
M09	pair33	no-label	2000tt	12	9	P03	#	#	#	#	#	#	#	#	#
M09	pair33	no-label	2000tt	13	9	P03	#	#	#	#	#	#	#	#	#
M09	pair33	no-label	2000tt	14	9	P03	#	#	#	#	#	#	#	#	#
M09	pair33	no-label	2000tt	15	9	P03	#	#	#	#	#	#	#	#	#
M09	pair33	no-label	2000tt	16	9	P03	#	#	#	#	#	#	#	#	#
M09	pair33	no-label	2000tt	17	9	P03	#	#	#	#	#	#	#	#	#
M09	pair33	no-label	2000tt	18	9	P03	#	#	#	#	#	#	#	#	#
M09	pair33	no-label	2000tt	19	9	P03	#	#	#	#	#	#	#	#	#
M09	pair33	no-label	2000tt	20	9	P03	#	#	#	#	#	#	#	#	#
M09	pair33	no-label	2000tt	21	9	P03	#	#	#	#	#	#	#	#	#
M09	pair33	no-label	2000tt	22	9	P03	#	#	#	#	#	#	#	#	#
M09	pair33	no-label	2000tt	23	9	P03	#	#	#	#	#	#	#	#	#
M09	pair33	no-label	2000tt	24	9	P03	#	#	#	#	#	#	#	#	#
M09	pair33	no-label	2000tt	25	9	P03	#	#	#	#	#	#	#	#	#
M09	pair33	no-label	2000tt	26	9	P03	#	#	#	#	#	#	#	#	#
M09	pair33	no-label	2000tt	27	9	P03	#	#	#	#	#	#	#	#	#
M09	pair33	no-label	2000tt	28	9	P03	#	#	#	#	#	#	#	#	#
M09	pair33	no-label	2000tt	29	9	P03	#	#	#	#	#	#	#	#	#
M09	pair33	no-label	2000tt	30	9	P03	#	#	#	#	#	#	#	#	#
M09	pair33	no-label	2000tt	1	10	P03	#	#	#	#	#	#	#	#	#
M09	pair33	no-label	2000tt	2	10	P03	#	#	#	#	#	#	#	#	#
M09	pair33	no-label	2000tt	3	10	P03	#	#267#567#450#315	#510	#	#	#	#365	#	#383#305#434#262
M09	pair33	no-label	2000tt	4	10	P03	#	#267#567#450#315	#510	#	#	#	#365	#	#
M09	pair33	no-label	2000tt	5	10	P03	#	#267#567#450#315	#	#	#	#	#365	#	#
M09	pair33	no-label	2000tt	6	10	P03	#	#315	#	#	#	#	#365	#	#
M09	pair33	no-label	2000tt	7	10	P03	#	#	#	#	#	#	#365	#	#
M09	pair33	no-label	2000tt	8	10	P03	#	#	#	#	#	#	#365	#	#
M09	pair33	no-label	2000tt	9	10	P03	#	#	#	#	#	#	#	#	#
M09	pair33	no-label	2000tt	10	10	P03	#	#	#	#	#	#	#	#	#
M09	pair33	no-label	2000tt	11	10	P03	#	#	#	#	#	#	#	#	#
M09	pair33	no-label	2000tt	12	10	P03	#	#	#	#	#	#	#	#	#
M09	pair33	no-label	2000tt	13	10	P03	#	#	#	#	#	#	#	#	#
M09	pair33	no-label	2000tt	14	10	P03	#	#	#	#	#	#	#	#	#
M09	pair33	no-label	2000tt	15	10	P03	#	#	#	#	#	#	#	#	#
M09	pair33	no-label	2000tt	16	10	P03	#	#	#	#	#	#	#	#	#
M09	pair33	no-label	2000tt	17	10	P03	#	#	#	#	#	#	#	#	#
M09	pair33	no-label	2000tt	18	10	P03	#	#	#	#	#	#	#	#	#
M09	pair33	no-label	2000tt	19	10	P03	#	#	#	#	#	#	#	#	#
M09	pair33	no-label	2000tt	20	10	P03	#	#	#	#	#	#	#	#	#
M09	pair33	no-label	2000tt	21	10	P03	#	#	#	#	#	#	#	#	#
M09	pair33	no-label	2000tt	22	10	P03	#	#	#	#	#	#	#	#	#
M09	pair33	no-label	2000tt	23	10	P03	#	#	#	#	#	#	#	#	#
M09	pair33	no-label	2000tt	24	10	P03	#	#	#	#	#	#	#	#	#
M09	pair33	no-label	2000tt	25	10	P03	#	#	#	#	#	#	#	#	#
M09	pair33	no-label	2000tt	26	10	P03	#	#	#	#	#	#	#	#	#
M09	pair33	no-label	2000tt	27	10	P03	#	#	#	#	#	#	#	#	#
M09	pair33	no-label	2000tt	28	10	P03	#	#	#	#	#	#	#	#	#
M09	pair33	no-label	2000tt	29	10	P03	#	#	#	#	#	#	#	#	#
M09	pair33	no-label	2000tt	30	10	P03	#	#	#	#	#	#	#	#	#
M09	pair33	no-label	2000tt	1	11	P03	#	#	#	#	#	#	#	#	#
M09	pair33	no-label	2000tt	2	11	P03	#	#	#	#	#	#	#	#	#
M09	pair33	no-label	2000tt	3	11	P03	#	#	#	#	#	#	#	#	#
M09	pair33	no-label	2000tt	4	11	P03	#	#	#	#	#	#	#435#560	#	#
M09	pair33	no-label	2000tt	5	11	P03	#	#	#	#	#	#	#435	#	#
M09	pair33	no-label	2000tt	6	11	P03	#	#	#	#	#	#	#	#	#
M09	pair33	no-label	2000tt	7	11	P03	#	#	#	#	#	#	#435#560	#	#
M09	pair33	no-label	2000tt	8	11	P03	#	#	#	#	#	#	#	#	#
M09	pair33	no-label	2000tt	9	11	P03	#	#	#	#	#	#	#	#	#
M09	pair33	no-label	2000tt	10	11	P03	#	#	#	#	#	#	#	#	#
M09	pair33	no-label	2000tt	11	11	P03	#	#	#	#	#	#	#	#	#
M09	pair33	no-label	2000tt	12	11	P03	#	#	#	#	#	#	#	#	#
M09	pair33	no-label	2000tt	13	11	P03	#	#	#	#	#	#	#	#	#
M09	pair33	no-label	2000tt	14	11	P03	#	#	#	#	#	#	#	#	#
M09	pair33	no-label	2000tt	15	11	P03	#	#	#	#	#	#	#	#	#
M09	pair33	no-label	2000tt	16	11	P03	#	#	#	#	#	#	#	#	#
M09	pair33	no-label	2000tt	17	11	P03	#	#	#	#	#	#	#	#	#
M09	pair33	no-label	2000tt	18	11	P03	#	#	#	#	#	#	#	#	#
M09	pair33	no-label	2000tt	19	11	P03	#	#	#	#	#	#	#	#	#
M09	pair33	no-label	2000tt	20	11	P03	#	#	#	#	#	#	#	#	#
M09	pair33	no-label	2000tt	21	11	P03	#	#	#	#	#	#	#	#	#
M09	pair33	no-label	2000tt	22	11	P03	#	#	#	#	#	#	#	#	#
M09	pair33	no-label	2000tt	23	11	P03	#	#	#	#	#	#	#	#	#
M09	pair33	no-label	2000tt	24	11	P03	#	#	#	#	#	#	#	#	#
M09	pair33	no-label	2000tt	25	11	P03	#	#	#	#	#	#	#	#	#
M09	pair33	no-label	2000tt	26	11	P03	#	#	#	#	#	#	#	#	#
M09	pair33	no-label	2000tt	27	11	P03	#	#	#	#	#	#	#	#	#
M09	pair33	no-label	2000tt	28	11	P03	#	#	#	#	#	#	#	#	#
M09	pair33	no-label	2000tt	29	11	P03	#	#	#	#	#	#	#	#	#
M09	pair33	no-label	2000tt	30	11	P03	#	#	#	#	#	#	#	#	#
M09	pair33	no-label	2000tt	1	12	P03	#	#	#	#	#	#	#	#	#
M09	pair33	no-label	2000tt	2	12	P03	#	#	#	#	#	#	#	#	#
M09	pair33	no-label	2000tt	3	12	P03	#	#	#	#	#	#	#	#	#
M09	pair33	no-label	2000tt	4	12	P03	#	#	#	#	#	#	#	#	#
M09	pair33	no-label	2000tt	5	12	P03	#	#	#	#	#	#	#	#	#
M09	pair33	no-label	2000tt	6	12	P03	#	#	#	#	#	#	#	#	#
M09	pair33	no-label	2000tt	7	12	P03	#	#	#	#	#	#	#	#	#
M09	pair33	no-label	2000tt	8	12	P03	#	#	#	#	#	#	#	#	#
M09	pair33	no-label	2000tt	9	12	P03	#	#	#	#	#	#	#	#	#
M09	pair33	no-label	2000tt	10	12	P03	#	#	#	#	#	#	#	#	#
M09	pair33	no-label	2000tt	11	12	P03	#	#	#	#	#	#	#	#	#
M09	pair33	no-label	2000tt	12	12	P03	#	#	#	#	#	#	#	#	#
M09	pair33	no-label	2000tt	13	12	P03	#	#	#	#	#	#	#	#	#
M09	pair33	no-label	2000tt	14	12	P03	#	#	#	#	#	#	#	#	#
M09	pair33	no-label	2000tt	15	12	P03	#	#	#	#	#	#	#	#	#
M09	pair33	no-label	2000tt	16	12	P03	#	#	#	#	#	#	#	#	#
M09	pair33	no-label	2000tt	17	12	P03	#	#	#	#	#	#	#	#	#
M09	pair33	no-label	2000tt	18	12	P03	#	#	#	#	#	#	#	#	#
M09	pair33	no-label	2000tt	19	12	P03	#	#	#	#	#	#	#	#	#
M09	pair33	no-label	2000tt	20	12	P03	#	#	#	#	#	#	#	#	#
M09	pair33	no-label	2000tt	21	12	P03	#	#	#	#	#	#	#	#	#
M09	pair33	no-label	2000tt	22	12	P03	#	#	#	#	#	#	#	#	#
M09	pair33	no-label	2000tt	23	12	P03	#	#	#	#	#	#	#	#	#
M09	pair33	no-label	2000tt	24	12	P03	#	#	#	#	#	#	#	#	#
M09	pair33	no-label	2000tt	25	12	P03	#	#	#	#	#	#	#	#	#
M09	pair33	no-label	2000tt	26	12	P03	#	#	#	#	#	#	#	#	#
M09	pair33	no-label	2000tt	27	12	P03	#	#	#	#	#	#	#	#	#
M09	pair33	no-label	2000tt	28	12	P03	#	#	#	#	#	#	#	#	#
M09	pair33	no-label	2000tt	29	12	P03	#	#	#	#	#	#	#	#	#
M09	pair33	no-label	2000tt	30	12	P03	#	#	#	#	#	#	#	#	#
